"","Country.Name","Country.Code","CapitaGrowth","oil","population","tax_rev","Polity","Ethnic","violence","l_violence","l_pop","GDPpc","l_GDPpc"
"1","Aruba","ABW",-0.585808960625712,NA,98737,NA,NA,NA,12,2.56494935746154,11.5002150285277,22567.82492,10.0242804947645
"2","Afghanistan","AFG",-3.36111089279191,0.0117875054347387,24118979,NA,NA,0.7693,NA,NA,16.9985095989107,219.1413528,5.38971696818079
"3","Angola","AGO",6.98676177236732,44.3121441174808,18865716,21.6738663,-2,0.7867,11.5,2.52572864430826,16.7528568645432,1041.086844,6.94802048876654
"4","Albania","ALB",6.15227448678199,0.488093256954193,3026939,17.64535942,7,0.2204,5,1.79175946922805,14.9230624358352,2416.588235,7.79011200417119
"5","Andorra","AND",3.32467350857601,NA,76244,NA,NA,0.7139,NA,NA,11.241694002849,38503.47961,10.5585038956724
"6","United Arab Emirates","ARE",0.292826708319538,17.9783387308115,4087931,NA,NA,NA,NA,NA,15.223549532054,36161.17061,10.4957411870463
"7","Argentina","ARG",7.84910614558494,3.47170510064211,38728696,13.1007799,8,0.255,NA,NA,17.4720913819337,4251.574348,8.35504462814795
"8","Armenia","ARM",11.100840751846,0,3000612,13.99640565,5,0.1272,1.9,1.06471073699243,14.9143268258272,1191.96192,7.08335590080628
"9","American Samoa","ASM",0.288979993982736,NA,59264,NA,NA,NA,NA,NA,10.9897573180059,8639.308855,9.06407786496418
"10","Antigua and Barbuda","ATG",4.58153852437155,NA,88257,17.20666011,NA,0.1643,3.6,1.52605630349505,11.3880082917632,10419.31113,9.25141620275729
"11","Australia","AUS",2.945228428833,0.711107155027003,20127400,24.30473,10,0.0929,1.3,0.832909122935104,16.817592628817,30472.37977,10.3245759709976
"12","Austria","AUT",2.07051571964911,0.045007774322959,8171966,26.30867249,10,0.1068,0.7,0.53062825106217,15.9162200743628,36821.52147,10.5138377757693
"13","Azerbaijan","AZE",9.23948995119869,26.8088921769981,8306500,NA,-7,0.2047,2.2,1.16315080980568,15.9325488988087,1045.02163,6.95179286274929
"14","Burundi","BDI",1.48628492141015,NA,7182451,NA,5,0.2951,NA,NA,15.7871512476752,127.4296648,4.84756456375694
"15","Belgium","BEL",3.18713112280309,0,10421137,25.37625021,10,0.5554,2.1,1.1314021114911,16.1593467054192,35589.68912,10.4798112434282
"16","Benin","BEN",1.33785333558491,0,7750004,14.63589688,6,0.7872,7,2.07944154167984,15.8632039174584,583.4093514,6.36888908644468
"17","Burkina Faso","BFA",1.4641414001655,NA,13030569,12.69900946,0,0.7377,0.6,0.470003629245736,16.382808616605,371.3230865,5.91707253673461
"18","Bangladesh","BGD",3.53516883254331,0,141307489,7.046448418,6,0.0454,2.5,1.25276296849537,18.766448846958,460.7579167,6.13287277860525
"19","Bulgaria","BGR",7.36288769933647,0.0283381829752915,7716860,21.10554956,9,0.4021,2.6,1.28093384546206,15.8589181035102,3381.507837,8.12607699462284
"20","Bahrain","BHR",0.388553333583516,2.92704527678646,829848,4.216838363,-7,0.5021,0.5,0.405465108108164,13.6289978304719,15846.47641,9.67070244607388
"21","Bahamas, The","BHS",-1.23783147746018,NA,322526,12.03430079,NA,NA,15.8,2.82137888640921,12.6839390321234,21996.40649,9.99863437763516
"22","Bosnia and Herzegovina","BIH",6.04275894296026,0,3781287,NA,NA,0.63,NA,NA,15.1455749858374,2650.642661,7.88255740316351
"23","Belarus","BLR",12.2126181426676,1.19249353490907,9730146,18.3713469,-7,0.3222,8.6,2.26176309847379,16.0907394591884,2378.339207,7.7741577108964
"24","Belize","BLZ",2.01268598915331,NA,276089,19.6634102,NA,0.7015,28.6,3.38777436133001,12.5284785564871,3831.538019,8.25102157310689
"25","Bermuda","BMU",1.65507059338414,NA,63740,NA,NA,NA,3.1,1.41098697371026,11.0625675879713,70359.31911,11.1613705215733
"26","Bolivia","BOL",2.34578439817442,4.36275706834052,8967741,15.01634882,8,0.7396,7.2,2.10413415427021,16.0091443628532,978.3346485,6.8858517878862
"27","Brazil","BRA",4.46817441322331,1.82969867556777,184738458,15.75278049,8,0.5408,NA,NA,19.034451642228,3623.047667,8.19507084758468
"28","Barbados","BRB",1.09744690740889,0.235193904880084,273091,25.26213951,NA,0.1423,10.6,2.45100509811232,12.5175603519572,12868.78733,9.46256007159753
"29","Brunei Darussalam","BRN",-1.21043570787147,21.7724328368002,359523,NA,NA,NA,0.6,0.470003629245736,12.7925334318436,21896.60527,9.99408689328694
"30","Bhutan","BTN",3.10991304582362,NA,640282,7.682696858,-10,0.605,NA,NA,13.3696639832892,1097.457088,7.0007510444127
"31","Botswana","BWA",1.30272814990158,0,1829330,NA,8,0.4102,15.6,2.8094026953625,14.4194603375607,4896.583835,8.49629306442753
"32","Central African Republic","CAF",4.07703426298254,NA,4055036,NA,-1,0.8295,14.9,2.76631910922619,15.2154701234207,313.210598,5.74687580134748
"33","Canada","CAN",2.05816243973769,1.42471645736507,31995000,13.39032045,10,0.7124,2.1,1.1314021114911,17.2810901985557,31979.87195,10.3728619823149
"34","Switzerland","CHE",2.07213587243264,0,7389625,9.223924063,10,NA,1,0.693147180559945,15.8155875473879,53340.14766,10.8844445660111
"35","Channel Islands","CHI",-0.516507646809956,NA,153170,NA,NA,NA,NA,NA,11.9393036946586,55844.11669,10.9303194576773
"36","Chile","CHL",6.0401381213717,0.0410649484359065,15973778,16.40223152,9,0.1861,3.6,1.52605630349505,16.5864590607793,6210.828325,8.73404955170072
"37","China","CHN",9.45917505031505,1.58581419729884,1296075000,NA,-7,0.1538,1.6,0.955511445027436,20.9826063035724,1508.668098,7.31898248626553
"38","Cote d'Ivoire","CIV",-0.559034178782966,1.38254511215225,17997738,14.19479364,NA,0.8204,14.9,2.76631910922619,16.7057566412971,919.8068028,6.82416365103412
"39","Cameroon","CMR",3.97743245138318,5.00603445588877,16959081,NA,-4,0.8635,NA,NA,16.6463140005391,1027.823,6.93519825220228
"40","Congo, Dem. Rep.","COD",3.42923623810067,2.19352926011732,53034217,5.276738972,NA,NA,14.3,2.72785282839839,17.7864478669775,194.1667863,5.2687175129089
"41","Congo, Rep.","COG",0.522812427216351,41.2815206677069,3605439,7.849247686,NA,NA,11.3,2.50959926237837,15.0979540965992,1289.337837,7.16188406091862
"42","Colombia","COL",3.92277202653798,3.7297922301979,42724163,NA,7,0.6014,39.5,3.70130197411249,17.5702751963703,2740.249442,7.91580423246476
"43","Comoros","COM",-0.472460729691235,NA,597228,NA,6,0,9.4,2.34180580614733,13.3000542290136,616.4197236,6.42392810098725
"44","Cabo Verde","CPV",8.42581932729365,NA,467664,NA,NA,NA,NA,NA,13.0555053683332,1976.458506,7.58906188884068
"45","Costa Rica","CRI",2.81484981633986,0,4187038,13.41778746,10,0.2368,7.9,2.18605127673809,15.2475041206706,4425.507467,8.39514023267448
"46","Cuba","CUB",5.56348320166902,1.24033831038554,11266941,NA,-7,0.5908,6.1,1.96009478404727,16.2373834206011,3390.716256,8.12879646301273
"47","Curacao","CUW",NA,NA,134192,NA,NA,NA,NA,NA,11.8070268892242,NA,NA
"48","Cayman Islands","CYM",NA,NA,47299,NA,NA,NA,NA,NA,10.7642444326075,NA,NA
"49","Cyprus","CYP",3.18083049715108,0,1010410,37.07880513,10,0.0939,1.9,1.06471073699243,13.8258667470399,23932.49128,10.0829922824624
"50","Czech Republic","CZE",4.87464046817419,0.039310951177178,10197101,14.42759443,10,0.3222,1.1,0.741937344729377,16.1376140221713,11685.88724,9.366137173915
"51","Germany","DEU",1.19193652221034,0.018774586987439,82516260,10.38910077,10,0.1682,1.1,0.741937344729377,18.2285059227941,34165.93403,10.4389843456382
"52","Djibouti","DJI",2.19152485718199,NA,770752,NA,2,0.7962,8.2,2.21920348405499,13.5551219406202,864.1847206,6.76178654294348
"53","Dominica","DMA",2.83056536684666,NA,70379,20.28890692,NA,0.2003,11.3,2.50959926237837,11.1616502021927,5325.046981,8.58017681326171
"54","Denmark","DNK",2.40320825525259,1.17120856525769,5404523,31.2922103,10,0.0819,1,0.693147180559945,15.5027467535422,46511.60457,10.7474571210855
"55","Dominican Republic","DOM",-0.193175210394358,0,9102998,12.89308922,8,0.4294,25.9,3.29212628660779,16.0241143677796,2421.096062,7.79197563479607
"56","Algeria","DZA",2.94323229638962,16.2445443593829,32831096,26.80399614,2,0.3394,0.6,0.470003629245736,17.3068866730204,2598.908023,7.86284664463474
"57","Ecuador","ECU",6.44847284271066,11.8737186054061,13509647,NA,6,0.655,15.4,2.79728133483015,16.4189145808015,2708.557892,7.90417162906189
"58","Egypt, Arab Rep.","EGY",2.15683122363679,9.20526881458493,75381899,13.83597775,-6,NA,0.7,0.53062825106217,18.1380777378447,1045.943208,6.9526743486958
"59","Eritrea","ERI",-1.71274256722769,0,3858623,NA,-7,0.6524,9.1,2.31253542384721,15.1658209420444,287.4222243,5.66095229946523
"60","Spain","ESP",1.40190868023915,0.00364406837644758,42921895,14.95530635,10,NA,1.2,0.78845736036427,17.5748926266626,24918.64584,10.123371631136
"61","Estonia","EST",6.9321012409481,0.113124668324475,1362550,1.302400565,9,0.5062,8.3,2.23001440015921,14.1248685020939,8850.465115,9.08822529198822
"62","Ethiopia","ETH",10.4081278802965,0,74624405,9.680762203,1,0.7235,9.4,2.34180580614733,18.1279781564459,135.7623858,4.91090619443095
"63","Finland","FIN",3.62474513473332,0,5228172,21.85112035,10,0.1315,2.3,1.19392246847243,15.4695722529555,37636.11173,10.5357192868224
"64","Fiji","FJI",5.07791082855707,NA,818354,22.19001559,6,0.5479,NA,NA,13.6150502848062,3332.918533,8.11160363546476
"65","France","FRA",2.03237324810297,0.0081887337014279,62704897,22.05850032,9,0.1032,1.6,0.955511445027436,17.9539501046267,33874.74363,10.4304249900353
"66","Faroe Islands","FRO",NA,NA,48143,NA,NA,NA,NA,NA,10.7819310276338,34979.0817,10.4625054960839
"67","Micronesia, Fed. Sts.","FSM",-2.91352912250325,NA,106577,NA,NA,NA,4.6,1.7227665977411,11.5766230075845,2252.803138,7.71993055889599
"68","Gabon","GAB",-1.97190755426944,31.0524830035172,1364205,NA,-4,0.769,11.2,2.50143595173921,14.1260823993478,5685.577736,8.64568802564741
"69","United Kingdom","GBR",1.78371343019698,0.559915898700374,59987905,24.88552322,10,NA,1.5,0.916290731874155,17.9096535165324,39983.98467,10.5962342696713
"70","Georgia","GEO",7.25379866939669,0.351467584618662,4245000,9.927429099,7,0.4923,9,2.30258509299405,15.2612523777276,1207.367228,7.09619742337345
"71","Ghana","GHA",2.88406714628336,0.0455229936142064,20986536,NA,8,0.6733,1.8,1.02961941718116,16.8593916472106,423.1936389,6.04782984947649
"72","Gibraltar","GIB",NA,NA,31896,NA,NA,NA,NA,NA,10.3702358890612,NA,NA
"73","Guinea","GIN",0.394936358540534,NA,9490229,NA,-1,0.7389,10.1,2.40694510831829,16.0657733009588,386.3288283,5.95668889360279
"74","Gambia, The","GMB",3.65312901877373,NA,1398573,7.848809527,NA,0.7864,9.8,2.37954613413017,14.1509629890463,413.8398773,6.02547912920382
"75","Guinea-Bissau","GNB",0.543616507356703,NA,1350345,NA,-1,0.8082,11,2.484906649788,14.1158706733214,393.3138244,5.97460782857848
"76","Equatorial Guinea","GNQ",32.2477724172743,NA,724817,NA,-6,0.3467,3.5,1.50407739677627,13.493674488182,6085.348907,8.71363934264388
"77","Greece","GRC",4.80137873327024,0.00749860532629968,10955141,19.1347301,10,0.1576,1.2,0.78845736036427,16.2093194017641,21955.10409,9.99675492404584
"78","Grenada","GRD",-0.919407790184579,NA,102656,17.27880253,NA,0.2661,10.7,2.45958884180371,11.5391388717861,5836.177063,8.67183124896996
"79","Greenland","GRL",6.45961220247038,NA,56911,NA,NA,NA,NA,NA,10.9492439230471,28497.52016,10.2575723505412
"80","Guatemala","GTM",0.762513621545196,0.697665946744129,12796925,11.55273704,8,0.5122,NA,NA,16.3647154656539,1872.737083,7.53515632046073
"81","Guam","GUM",6.17183582334995,NA,158099,NA,NA,NA,4.4,1.68639895357023,11.9709766980669,24396.10624,10.1021788182191
"82","Guyana","GUY",3.32209641110222,NA,751652,NA,6,0.6195,19.1,3.00071981506503,13.5300287298653,1045.58861,6.95233526898366
"83","Hong Kong SAR, China","HKG",7.85562601260763,NA,6783500,NA,NA,NA,0.5,0.405465108108164,15.7300037509075,24928.10037,10.1237509750584
"84","Honduras","HND",3.72059053205429,0,7204153,14.49585933,7,0.1867,46.7,3.8649313978943,15.7901682232535,1217.657961,7.10468458863542
"85","Croatia","HRV",4.10625804326929,0.269203706115794,4439000,19.8640595,8,0.369,1.5,0.916290731874155,15.3059396838162,9365.742468,9.14481389288883
"86","Haiti","HTI",-5.03181191373764,0,9119178,NA,0,0.095,NA,NA,16.0258902264095,387.9429725,5.96085835072815
"87","Hungary","HUN",5.23769790000006,0.158748407337589,10107146,20.36215533,10,0.1522,1.6,0.955511445027436,16.1287532563863,10296.33979,9.23954375086816
"88","Indonesia","IDN",3.58917304568345,3.69520109889607,223614649,11.58116156,8,0.7351,NA,NA,19.2254348114105,1222.911783,7.10899000144206
"89","Isle of Man","IMN",4.14717292609012,NA,75341,NA,NA,NA,NA,NA,11.2297797543196,36608.45177,10.5080344154085
"90","India","IND",6.18757452526526,1.07104433467616,1126135777,9.70021273,9,0.4182,3.6,1.52605630349505,20.8420579428757,621.3183767,6.43184363445293
"91","Ireland","IRL",4.74847267677949,0,4070262,25.08659102,10,0.1206,1.2,0.78845736036427,15.2192179288113,47630.92531,10.771237520648
"92","Iran, Islamic Rep.","IRN",3.13111363954877,24.7268276055521,69617100,5.195323352,-6,NA,5.4,1.85629799036563,18.0585207847831,2729.838416,7.91199769814892
"93","Iraq","IRQ",50.1218410341944,63.2505843281866,26316609,NA,NA,0.3689,34.1,3.55820113047182,17.0857108187351,1391.816923,7.23836531141141
"94","Iceland","ISL",7.15488178790802,0,292074,24.98679125,NA,0.0798,1,0.693147180559945,12.5847624738013,46917.27216,10.7561411629699
"95","Israel","ISR",2.73755686911043,0.000507922025884573,6809000,24.84634359,6,0.3436,2.5,1.25276296849537,15.7337558244651,19892.05951,9.89807591148509
"96","Italy","ITA",0.926640895887459,0.046279090384368,57685327,20.96753803,10,0.1145,1,0.693147180559945,17.8705134010455,31174.56109,10.3473576915397
"97","Jamaica","JAM",0.7197432747801,0,2728777,24.16749731,9,0.4129,62.5,4.15103990589865,14.8193640814377,3719.97351,8.2214718262741
"98","Jordan","JOR",5.84465997280692,0.00198739367968598,5535595,NA,-2,0.5926,1.3,0.832909122935104,15.5267096160891,2061.456882,7.63116823609023
"99","Japan","JPN",2.170331694354,0.00108016933045609,127761000,9.352694056,10,0.0119,0.5,0.405465108108164,18.6656718890164,37688.72234,10.5371161865091
"100","Kazakhstan","KAZ",8.8410048231262,18.1079276181121,15012985,13.90867797,-6,0.6171,11.7,2.54160199346455,16.5244260512599,2874.288291,7.96356037162913
"101","Kenya","KEN",2.27530597872554,0,35074931,NA,8,0.8588,3.6,1.52605630349505,17.3729972167377,458.8843551,6.12879822864269
"102","Kyrgyz Republic","KGZ",5.73952663596266,0.480506475204744,5104700,NA,NA,NA,8.2,2.21920348405499,15.4456722419384,433.2351189,6.07128058040051
"103","Cambodia","KHM",8.56461530539785,0,13063377,8.117265035,2,0.2105,3.4,1.48160454092422,16.3853232241916,408.6105184,6.01276242458768
"104","Kiribati","KIR",-3.4187667085076,NA,90542,NA,NA,0.0511,NA,NA,11.4135691104301,1130.602806,7.03050622610615
"105","St. Kitts and Nevis","KNA",2.1704248476442,NA,47971,21.43824041,NA,NA,16.3,2.85070650150373,10.7783519406411,10476.36342,9.25687689574754
"106","Korea, Rep.","KOR",4.48491219440147,0,48082519,13.446495,NA,NA,NA,NA,17.6884292386657,15907.66583,9.67455639969508
"107","Kuwait","KWT",8.81472240673253,43.7662917314223,2207939,1.324427699,-7,0.6604,NA,NA,14.6075700591859,26921.08278,10.2006650050894
"108","Lao PDR","LAO",4.76270697283734,NA,5664605,NA,-7,NA,9.6,2.36085400111802,15.5497477236231,417.7516561,6.03488713180038
"109","Lebanon","LBN",1.47784318673574,0,3863267,16.66983223,NA,0.1314,NA,NA,15.1670237565263,5424.22356,8.598630045585
"110","Liberia","LBR",0.676333934614945,NA,3176414,NA,3,0.9084,NA,NA,14.9712634454988,149.4452549,5.00693013780769
"111","Libya","LBY",2.83545717207944,55.4423739743402,5704759,NA,-7,0.792,3.7,1.54756250871601,15.5568112967401,5806.083604,8.66666154406754
"112","St. Lucia","LCA",6.8007915938215,NA,162251,20.55692293,NA,NA,24.8,3.25037449192757,11.9968997978755,5504.479,8.61331740344277
"113","Liechtenstein","LIE",2.22012585598918,NA,34596,NA,NA,0.5726,0,0,10.4514933474264,99848.61504,11.5114104683422
"114","Sri Lanka","LKA",4.58925021020242,0,19228000,13.46596896,5,NA,6.3,1.98787434815435,16.771878107996,1066.588484,6.97222050118341
"115","Lesotho","LSO",0.870358860673988,NA,1933728,37.83260568,8,0.255,NA,NA,14.4749603039463,781.5145954,6.66123382582277
"116","Lithuania","LTU",7.75337494919646,0.204422194816925,3377075,5.602067657,10,0.3223,11.1,2.4932054526027,15.0325205081824,6706.966998,8.81090211555684
"117","Luxembourg","LUX",2.14991948399521,0,458095,23.97827564,10,0.5302,NA,NA,13.0348318651678,75716.35108,11.234749414516
"118","Latvia","LVA",9.52430137605367,0,2263122,20.41817131,8,0.5867,5.7,1.90210752639692,14.6322558339005,6351.080125,8.75638017584684
"119","Macao SAR, China","MAC",23.715296826144,NA,471453,21.38427737,9,NA,NA,NA,13.0635746942207,22453.19235,10.0191880812795
"120","St. Martin (French part)","MAF",NA,NA,27514,NA,NA,NA,NA,NA,10.2224502450209,NA,NA
"121","Morocco","MAR",3.56060455943101,0.001542625691407,30179285,18.97885165,-6,0.4841,1.5,0.916290731874155,17.2226663198371,1948.812275,7.57497537624369
"122","Monaco","MCO",1.29856884387532,NA,33314,NA,NA,0.6838,3,1.38629436111989,10.4137330080371,123382.0149,11.7230406334781
"123","Moldova","MDA",7.66609008264018,NA,3603945,16.35750648,8,0.5535,7.1,2.09186406167839,15.0975396367726,720.9409321,6.58055720896359
"124","Madagascar","MDG",2.15979964017588,NA,17802997,10.87752385,7,0.8791,1.8,1.02961941718116,16.6948773718761,245.1235876,5.50176252254173
"125","Maldives","MDV",3.22803010420063,NA,312000,10.48943583,NA,NA,NA,NA,12.6507584667916,3952.121991,8.28200792655936
"126","Mexico","MEX",2.97477886968314,3.85324694115068,106995583,NA,8,0.5418,9,2.30258509299405,18.4882981112003,7199.059665,8.88170569439162
"127","Marshall Islands","MHL",0.199290286024876,NA,52074,NA,NA,0.0603,NA,NA,10.8604210628723,2522.076276,7.83283776031811
"128","Macedonia, FYR","MKD",4.49017097021631,NA,2057047,NA,NA,NA,2.2,1.16315080980568,14.536782017183,2762.561701,7.9239136807802
"129","Mali","MLI",-1.6099070151476,NA,12391906,13.68704434,7,0.6906,12.6,2.61006979274201,16.332554075511,439.3572924,6.08531295996047
"130","Malta","MLT",-0.228933646992317,0,401268,55.35894289,NA,0.0414,1,0.693147180559945,12.9023848122333,15109.05497,9.62304950996209
"131","Myanmar","MMR",12.5044293260323,1.6555248857524,48073707,NA,NA,NA,1.5,0.916290731874155,17.6882459536016,219.8156688,5.39278932605295
"132","Montenegro","MNE",4.21515338849179,0,613353,NA,NA,NA,NA,NA,13.3266959056204,3380.199535,8.12569002075829
"133","Mongolia","MNG",9.40494441711597,0.264793164668994,2496832,NA,10,0.3682,15.8,2.82137888640921,14.7305332862616,797.8377432,6.68190524745229
"134","Northern Mariana Islands","MNP",-0.523357451517342,NA,65663,NA,NA,NA,NA,NA,11.0922908799296,18427.42488,9.82159531653906
"135","Mozambique","MOZ",4.6473040590717,0.0334954519432889,20312705,NA,5,0.6932,5.2,1.82454929205105,16.826757110311,336.3318145,5.81809821581802
"136","Mauritania","MRT",2.76887740639901,NA,3042823,NA,-6,0.615,12.3,2.58776403522771,14.9282962609041,602.547286,6.40116614527273
"137","Mauritius","MUS",5.0847065434302,0,1221003,16.73148941,10,0.4634,NA,NA,14.0151832100923,5229.876738,8.5621429885212
"138","Malawi","MWI",2.59827900728224,NA,12676038,NA,6,0.6744,1.6,0.955511445027436,16.3552239975796,274.2256294,5.61395123249032
"139","Malaysia","MYS",4.72444443823106,5.3933178976717,25174109,15.1990617,3,0.588,2.3,1.19392246847243,17.0413266036884,4955.477743,8.50824885846346
"140","Namibia","NAM",11.0015322278565,0,2009228,24.28729766,6,0.6329,NA,NA,14.5132611266558,3288.257373,8.09811302957248
"141","New Caledonia","NCL",NA,NA,228000,NA,NA,NA,NA,NA,12.3371009079366,NA,NA
"142","Niger","NER",-3.4850667455337,NA,13127012,NA,6,0.6518,NA,NA,16.3901826499315,NA,NA
"143","Nigeria","NGA",30.3565818289393,24.8350561280085,135393616,0.905461723,4,0.8505,11.8,2.54944517092557,18.7236967681433,648.8150852,6.47514775345569
"144","Nicaragua","NIC",3.94712151014944,0,5309703,12.18817918,8,0.4844,13.6,2.68102152871429,15.4850464594505,1091.505157,6.99531290066963
"145","Netherlands","NLD",1.67678994002229,0.0494812342647304,16281779,20.39206854,10,0.1054,1.1,0.741937344729377,16.6055571877528,39954.64222,10.5955001451946
"146","Norway","NOR",3.34652346340272,8.2810515919459,4591910,27.32436541,10,0.0586,0.7,0.53062825106217,15.3398066174863,57570.26916,10.9607615530107
"147","Nepal","NPL",3.19846031548683,0,25309449,8.9749585,-6,0.6632,3.6,1.52605630349505,17.046688362233,287.4001056,5.66087534107701
"148","Nauru","NRU",NA,NA,10113,NA,NA,0.5832,NA,NA,9.22157700390217,NA,NA
"149","New Zealand","NZL",2.41424260148821,0.159054981941169,4087500,29.25774198,10,0.3969,1.5,0.916290731874155,15.2234440941876,25420.39935,10.1433072546909
"150","Oman","OMN",-1.1729546465813,35.7929187303915,2444751,1.947151739,-8,0.4373,NA,NA,14.7094538352142,10129.28886,9.22318639339646
"151","Pakistan","PAK",5.17755403245761,0.752260918841924,150780300,10.28454521,-5,0.7098,6.3,1.98787434815435,18.8313343683997,649.8048233,6.47667204595291
"152","Panama","PAN",5.53685176637143,0,3269541,NA,9,0.5528,11,2.484906649788,15.0001601660486,4591.892776,8.43204758755257
"153","Peru","PER",3.66723380170112,1.05916254536436,27273194,13.66336894,9,0.6566,11.1,2.4932054526027,17.121414873009,2448.143899,7.80308542417585
"154","Philippines","PHL",4.6229440993863,0.120841166638934,84678493,11.81598797,8,0.2385,7.5,2.14006616349627,18.2543722076626,1079.03715,6.98382439469324
"155","Palau","PLW",6.6430981988111,NA,19804,NA,NA,0.4312,NA,NA,9.89363921648131,8754.488992,9.07732187545511
"156","Papua New Guinea","PNG",0.207243501127024,10.3259950259946,6161517,NA,4,0.2718,9.9,2.3887627892351,15.6338335714249,637.3686654,6.45734824074974
"157","Poland","POL",5.19718526618639,0.050078413759947,38182222,15.70174329,10,0.1183,1.4,0.8754687373539,17.4578805725779,6681.178818,8.80704972072221
"158","Puerto Rico","PRI",8.72642635726375,NA,3826878,NA,NA,NA,20.5,3.06805293513362,15.1575598851435,20988.99233,9.95175340451604
"159","Korea, Dem. Peopleâ€™s Rep.","PRK",NA,NA,23729498,NA,-10,NA,5.1,1.80828877117927,16.9822294735316,NA,NA
"160","Portugal","PRT",1.56841348957646,0,10483861,19.9329892,10,0.0468,1.3,0.832909122935104,16.1653475850392,18045.5881,9.80065650729118
"161","Paraguay","PRY",2.30985350659614,0,5703740,NA,8,0.1689,18.6,2.97552956623647,15.5566326579897,1408.527976,7.250300449384
"162","West Bank and Gaza","PSE",7.55921893384017,NA,3236626,NA,NA,NA,4.1,1.62924053973028,14.9900419871538,1337.565724,7.19860661700211
"163","French Polynesia","PYF",NA,NA,251775,NA,NA,NA,NA,NA,12.4362911105163,NA,NA
"164","Qatar","QAT",8.17939662676346,27.054103568705,758855,25.50799917,-10,0.7456,4.9,1.77495235091167,13.5395659972839,41818.35256,10.6410905786151
"165","Romania","ROU",8.97776596443704,1.11639316323107,21451748,17.13696936,9,0.3069,2.1,1.1314021114911,16.8813166918595,3552.92452,8.17552635177623
"166","Russian Federation","RUS",7.60832412787052,11.1716268622481,144067054,13.23402539,6,0.2452,NA,NA,18.7857894019354,4102.372294,8.31932069365585
"167","Rwanda","RWA",5.73318908151617,NA,8818438,NA,-3,0.3238,NA,NA,15.9923553147937,236.9114381,5.46768639239682
"168","Saudi Arabia","SAU",4.83309759974075,41.2918089438098,23228890,NA,-10,NA,NA,NA,16.9609073205658,11138.80746,9.31819045748169
"169","Sudan","SDN",1.04805923060258,12.3462817353132,30186341,NA,-6,NA,7.5,2.14006616349627,17.2229000952653,565.0569459,6.33692651527109
"170","Senegal","SEN",3.11717106135532,0,10955944,NA,8,NA,9.3,2.33214389523559,16.2093926979975,733.0581811,6.59722507267941
"171","Singapore","SGP",8.18626016618767,0,4166664,11.69058272,-2,NA,0.5,0.405465108108164,15.2426262736042,27405.27136,10.2184906592739
"172","Solomon Islands","SLB",2.25373379791247,NA,458324,NA,8,NA,5.5,1.87180217690159,13.035331636571,818.442619,6.70740328928346
"173","Sierra Leone","SLE",1.71952590408387,NA,5439695,8.258113113,5,NA,2,1.09861228866811,15.5092335510839,263.1045817,5.57255160218576
"174","El Salvador","SLV",1.35424807663512,0,6000775,10.99358792,10,0.1978,63.5,4.16666522380173,15.6073991855177,2632.709942,7.87576899087575
"175","San Marino","SMR",3.23932730611614,NA,28866,14.52427954,NA,NA,0,0,10.2704197109275,65035.9605,11.0826956343593
"176","Somalia","SOM",NA,NA,10116228,NA,0,NA,6.1,1.96009478404727,16.1296514250708,NA,NA
"177","Serbia","SRB",9.3012466699879,0.396742128856982,7463157,NA,NA,NA,1.6,0.955511445027436,15.8254890730087,3331.228766,8.11109651370997
"178","South Sudan","SSD",NA,NA,7787655,NA,NA,NA,NA,NA,15.8680503455716,NA,NA
"179","Sao Tome and Principe","STP",1.37459084872629,NA,151969,12.45323686,NA,NA,NA,NA,11.9314318316599,693.3045683,6.54146939513776
"180","Suriname","SUR",8.08341591589623,6.25612002030873,493630,21.02537761,5,NA,3.1,1.41098697371026,13.1095415276843,3006.48773,8.0085278093138
"181","Slovak Republic","SVK",5.28027109463601,0.00977316816309725,5372280,17.24557193,9,NA,2,1.09861228866811,15.4967629573816,10654.79371,9.27376518348185
"182","Slovenia","SVN",4.28496271714363,0.000132121102268996,1997012,20.60106635,10,NA,1,0.693147180559945,14.5071626213934,17260.90151,9.75619919444375
"183","Sweden","SWE",3.91104399816003,0,8993531,27.21738681,10,NA,0.9,0.641853886172395,16.0120160990781,42442.22045,10.6558989111048
"184","Swaziland","SWZ",2.89896045031783,NA,1095053,22.23615729,10,NA,13.8,2.69462718077007,13.9063133218879,2529.633535,7.83582972340402
"185","Sint Maarten (Dutch part)","SXM",NA,NA,35316,NA,NA,NA,NA,NA,10.4720913980215,NA,NA
"186","Seychelles","SYC",-2.49000793387151,NA,82475,NA,NA,NA,3.4,1.48160454092422,11.3202504960968,10176.65871,9.22785201520659
"187","Syrian Arab Republic","SYR",4.55044548432433,20.0258683461609,17806638,16.40245009,-7,NA,2.4,1.22377543162212,16.6950818670927,1408.852738,7.25053099117753
"188","Turks and Caicos Islands","TCA",NA,NA,25028,NA,NA,NA,0,0,10.1277504771183,NA,NA
"189","Chad","TCD",28.7185210652368,33.6270093357697,9710043,NA,-2,0.862,10.7,2.45958884180371,16.088671268682,454.6765879,6.11958637039165
"190","Togo","TGO",-0.523067643585733,0,5534598,15.31041268,-2,NA,10.9,2.47653840011748,15.526529492761,349.9937253,5.85791522660847
"191","Thailand","THA",5.55791416405769,0.786479727039115,65002231,14.8533544,9,NA,7.3,2.11625551480255,17.9899321503478,2659.839108,7.88602091423212
"192","Tajikistan","TJK",8.06595066734086,0.0795327055042463,6712841,NA,-3,NA,NA,NA,15.7195328172538,309.2801834,5.73424760845002
"193","Turkmenistan","TKM",3.93649483293852,20.9345852809827,4703398,NA,-9,NA,4.9,1.77495235091167,15.3637957841805,1453.917166,7.28201668673198
"194","Timor-Leste","TLS",-2.62515541683879,NA,996698,NA,NA,NA,4.6,1.7227665977411,13.8122030943317,444.3430043,6.09659679639002
"195","Tonga","TON",-0.963765619577416,NA,100406,NA,NA,NA,4,1.6094379124341,11.5169772454103,2284.307858,7.73381835065941
"196","Trinidad and Tobago","TTO",7.40730907314963,7.60675897424447,1290535,22.02505646,10,NA,29.8,3.42751468997953,14.0705674190439,10290.51914,9.23897827847872
"197","Tunisia","TUN",5.40942718078192,2.53735946168106,10017601,18.67214575,-4,NA,2.6,1.28093384546206,16.1198542037975,3112.835029,8.04328917481957
"198","Turkey","TUR",8.13557765139707,0.0795169528887435,67007855,NA,7,NA,4.9,1.77495235091167,18.0203204092893,6040.88491,8.70630578847572
"199","Tuvalu","TUV",-2.61843065896996,NA,9894,NA,NA,NA,0,0,9.19968379178765,2176.564747,7.6855031087695
"200","Tanzania","TZA",4.73025422576316,NA,38249984,NA,-1,NA,NA,NA,17.4596536999361,345.189237,5.84409277969655
"201","Uganda","UGA",3.15142152021966,NA,27568436,NA,-4,NA,8.9,2.29253475714054,17.132182053063,288.0236949,5.66304275070996
"202","Ukraine","UKR",12.9536558393461,0.654077767032296,47451600,13.27565613,6,NA,6.5,2.01490302054226,17.6752208021567,1367.352433,7.22063161841858
"203","Uruguay","URY",5.05283868578934,0,3324096,17.84620462,10,NA,5.7,1.90210752639692,15.0167083154069,4117.308853,8.32295503790196
"204","United States","USA",2.82965348869607,0.276751659838538,292805298,9.492625945,10,NA,5.7,1.90210752639692,19.49501843415,41921.80976,10.6435614898188
"205","Uzbekistan","UZB",6.46453148592587,1.08479202503603,25864350,NA,-9,NA,3.6,1.52605630349505,17.0683761306188,465.1198869,6.14229519364748
"206","St. Vincent and the Grenadines","VCT",3.9557604877639,NA,108559,20.64118567,NA,NA,21.1,3.09557760852371,11.5950490829704,4808.215911,8.47808138182075
"207","Venezuela, RB","VEN",16.2256867455484,20.4321248059042,26327225,NA,6,NA,37.2,3.64283551561253,17.0861141328305,4271.372404,8.35969046067179
"208","British Virgin Islands","VGB",NA,NA,22541,NA,NA,NA,NA,NA,10.023091152182,NA,NA
"209","Virgin Islands (U.S.)","VIR",2.97667222795658,NA,107950,NA,NA,NA,32.5,3.51154543883102,11.589423435943,35024.47749,10.4638024528926
"210","Vietnam","VNM",6.53219113789014,7.13323635360111,81436400,21.65811323,-7,NA,1.3,0.832909122935104,18.2153329054672,543.8658871,6.29870268539599
"211","Vanuatu","VUT",1.34671656757794,NA,204143,NA,NA,NA,2.5,1.25276296849537,12.2265760076465,1787.947023,7.48882332609988
"212","Samoa","WSM",3.97014837155901,NA,178781,NA,NA,NA,NA,NA,12.093916872093,2351.033814,7.76261043125246
"213","Kosovo","XKX",2.54253970667145,0,1704622,NA,NA,NA,NA,NA,14.3488539432407,2135.332847,7.66637781374574
"214","Yemen, Rep.","YEM",1.09000773798213,33.0170733562321,20017068,NA,-2,NA,4.6,1.7227665977411,16.8120958675795,693.0835669,6.54115057907714
"215","South Africa","ZAF",3.25722577866814,0.114119951345452,47001700.99,24.28209502,9,NA,38.9,3.68637632389582,17.665694350296,4745.071685,8.46486181841147
"216","Zambia","ZMB",4.20633931956473,0,11731746,15.31705863,5,NA,NA,NA,16.2778090586576,530.2772217,6.27339992960939
"217","Zimbabwe","ZWE",-6.86622306563361,0,12777511,NA,-4,NA,10.4,2.43361335540045,16.3631972305125,454.3606654,6.11889129983965
