"","X","CTRY","YEAR","COW","PHYSINT","ASSN","DOMMOV","WORKER","polity","l_pop","urban","gdp","gdpgrth","event_lag1","event","FORMOV","dummyevent","Violence","tax","speech","protesthistory","laborenvir","anocracy","ViolenceLag"
"1",1,"Afghanistan",1999,700,0,0,1,0,-7,NA,20.98,6.757565,NA,0,0,0,0,8,NA,1,0,2,0,NA
"2",2,"Afghanistan",2000,700,0,0,0,0,-7,NA,21.299999,6.1698289,NA,0,0,1,0,8,NA,0,0,0,0,8
"4",4,"Albania",1994,339,7,1,2,2,5,14.97013,38.560001,7.7478232,9.4000034,0,0,2,0,1,NA,1,1,6,1,NA
"5",5,"Albania",1995,339,4,1,2,2,5,14.95752,39.099998,7.919014,8.9000015,0,0,2,0,4,NA,1,0,6,1,1
"6",6,"Albania",1996,339,4,1,2,2,0,14.94811,39.639999,8.012742,9.1000023,0,0,2,0,4,NA,1,0,6,1,4
"7",7,"Albania",1997,339,4,1,2,2,5,14.94131,40.18,7.87637,-10.2,0,0,2,0,4,NA,1,0,6,1,4
"8",8,"Albania",1998,339,5,2,2,1,5,14.93709,40.720001,7.988945,12.7,0,0,2,0,3,NA,1,0,6,1,4
"9",9,"Albania",1999,339,5,2,1,2,5,14.93497,41.259998,8.1617785,10.1,0,0,2,0,3,NA,1,0,6,1,3
"10",10,"Albania",2000,339,3,1,2,1,5,14.93451,41.799999,8.2419147,7.2999921,0,0,2,0,5,NA,1,0,5,1,3
"11",11,"Albania",2001,339,6,2,1,2,5,14.936,42.52,8.3592024,7.0000038,0,0,2,0,2,NA,1,1,6,1,5
"15",15,"Algeria",1994,615,2,1,1,1,-7,17.13826,55.220001,8.3096199,-0.89999998,0,0,1,0,6,NA,0,0,3,0,NA
"16",16,"Algeria",1995,615,0,0,1,0,-3,17.157339,56,8.346324,3.8,0,0,1,0,8,NA,0,0,1,1,6
"17",17,"Algeria",1996,615,3,1,1,1,-3,17.17437,56.759998,8.450223,4.0999999,0,0,1,0,5,NA,1,0,4,1,8
"18",18,"Algeria",1997,615,0,1,1,1,-3,17.189671,57.52,8.4474764,1.1,0,0,1,0,8,NA,1,0,4,1,5
"19",19,"Algeria",1998,615,4,0,1,1,-3,17.203871,58.279999,8.3867435,5.0999999,0,0,1,0,4,NA,0,0,2,1,8
"20",20,"Algeria",1999,615,0,0,1,1,-3,17.2178,59.040001,8.4605045,3.2,0,0,1,0,8,NA,1,0,3,1,4
"21",21,"Algeria",2000,615,4,0,2,2,-3,17.232031,59.799999,8.6574984,2.2,0,0,1,0,4,NA,1,0,5,1,8
"22",22,"Algeria",2001,615,4,0,2,1,-3,17.246731,60.5,8.6186132,2.5999999,0,0,1,0,4,NA,1,0,4,1,4
"23",23,"Algeria",2002,615,2,0,2,0,-3,17.261761,61.200001,8.6375275,4.6999998,0,0,1,0,6,NA,1,0,3,1,4
"24",24,"Algeria",2003,615,1,0,1,0,-3,17.27704,61.900002,8.7014313,6.9000001,0,0,1,0,7,NA,0,0,1,1,6
"25",25,"Algeria",2004,615,5,0,2,0,2,17.29236,62.599998,NA,5.1999998,0,0,1,0,3,NA,0,0,2,1,7
"26",26,"Angola",1994,540,2,0,1,0,-1,16.29509,42.779999,NA,3.5,0,0,0,0,6,NA,0,0,1,1,NA
"27",27,"Angola",1995,540,1,0,0,0,-2,16.32346,44.200001,NA,10.4,0,0,0,0,7,NA,0,0,0,1,6
"28",28,"Angola",1996,540,0,0,1,0,-2,16.349001,45.360001,NA,11.2,0,0,0,0,8,NA,0,0,1,1,7
"29",29,"Angola",1997,540,0,0,1,0,-3,16.372471,46.52,NA,7.9000001,0,0,1,0,8,NA,0,0,1,1,8
"30",30,"Angola",1998,540,1,0,0,1,-3,16.395041,47.68,NA,6.8047619,0,0,0,0,7,NA,0,0,1,1,8
"31",31,"Angola",1999,540,2,0,0,0,-3,16.418261,48.84,NA,3.2398,0,0,1,0,6,NA,0,0,0,1,7
"32",32,"Angola",2000,540,1,1,0,1,-3,16.443119,50,7.5883121,3.0120759,0,0,2,0,7,NA,0,0,2,1,6
"33",33,"Angola",2001,540,1,0,0,0,-3,16.469801,50.66,NA,3.1419661,0,0,1,0,7,NA,0,0,0,1,7
"34",34,"Angola",2002,540,2,1,0,0,-2,16.49782,51.32,NA,14.49055,0,0,2,0,6,NA,0,0,1,1,7
"35",35,"Angola",2003,540,3,1,0,0,-2,16.52668,51.98,NA,3.3082781,0,0,1,0,5,NA,1,0,2,1,6
"36",36,"Angola",2004,540,3,1,0,0,-2,16.55571,52.639999,NA,11.18281,0,0,1,0,5,NA,1,0,2,1,5
"48",48,"Armenia",2002,371,6,2,1,2,5,14.93063,64.699997,8.4367867,13.1863,0,0,1,0,2,NA,1,0,6,1,NA
"49",49,"Armenia",2003,371,6,2,1,0,5,14.92644,64.5,8.5643358,14,0,0,1,0,2,NA,1,0,4,1,2
"50",50,"Armenia",2004,371,4,1,2,1,5,14.92278,64.300003,NA,10.5,0,0,1,0,4,NA,1,0,5,1,2
"51",51,"Azerbaijan",2001,373,5,1,1,1,-7,15.90875,51.02,8.2625313,9.8999996,0,0,1,0,3,NA,1,0,4,0,NA
"52",52,"Azerbaijan",2002,373,4,1,1,0,-7,15.91621,51.139999,8.3112583,10.6,0,0,1,0,4,NA,1,0,3,0,3
"53",53,"Azerbaijan",2003,373,3,0,1,0,-7,15.92379,51.259998,8.3276119,11.2,0,0,1,0,5,NA,1,0,2,0,4
"54",54,"Azerbaijan",2004,373,3,1,1,0,-7,15.93254,51.380001,NA,10.2,0,0,1,0,5,NA,0,0,2,0,5
"55",55,"Bahrain",1994,692,6,0,2,0,-9,13.2455,90.900002,9.4644461,-0.25000101,0,0,1,0,2,NA,0,0,2,0,NA
"56",56,"Bahrain",1995,692,4,0,2,0,-9,13.27798,91.599998,9.5647755,3.929992,0,0,1,0,4,NA,0,0,2,0,2
"57",57,"Bahrain",1996,692,3,0,2,0,-9,13.30968,92.199997,9.5636005,4.1100049,0,0,1,0,5,NA,1,0,3,0,4
"58",58,"Bahrain",1997,692,5,0,2,0,-9,13.34042,92.800003,9.561512,3.092999,0,0,1,0,3,NA,1,0,3,0,5
"59",59,"Bahrain",1998,692,3,0,1,1,-9,13.36933,93.400002,9.4961805,4.7900019,0,0,1,0,5,NA,0,0,2,0,3
"60",60,"Bahrain",1999,692,5,0,2,0,-9,13.39538,94,9.6791868,4.3000011,0,0,1,0,3,NA,1,0,3,0,5
"61",61,"Bahrain",2000,692,3,0,2,1,-9,13.41803,94.599998,9.8337164,5.299994,0,0,1,0,5,NA,0,0,3,0,3
"62",62,"Bahrain",2001,692,6,0,2,0,-8,13.43704,94.980003,9.8357248,4.5999999,0,0,1,0,2,NA,1,0,3,0,5
"63",63,"Bahrain",2002,692,7,0,2,1,-7,13.45301,95.360001,9.824605,5.2600002,0,0,1,0,1,NA,1,0,4,0,2
"64",64,"Bahrain",2003,692,7,0,2,1,-7,13.46718,95.739998,9.9520988,7.1999998,0,0,2,0,1,NA,0,0,3,0,1
"65",65,"Bahrain",2004,692,6,1,2,1,-7,13.48118,96.120003,NA,5.4000001,0,0,1,0,2,NA,0,0,4,0,1
"77",77,"Belarus",2002,370,5,0,0,0,-7,16.110571,70.879997,9.4193115,5.0452671,0,0,1,0,3,0.413213842746401,0,0,0,0,NA
"78",78,"Belarus",2003,370,5,0,0,0,-7,16.10541,71.32,9.518281,7.0431929,0,0,1,0,3,0.442032883905013,0,0,0,0,3
"79",79,"Belarus",2004,370,3,0,0,0,-7,16.100389,71.760002,NA,11.44974,0,0,1,0,5,0.45862636047858,0,1,0,0,3
"138",138,"Burkina Faso",1994,439,6,2,0,1,-5,16.07346,14.84,6.6847372,1,0,0,2,0,2,NA,1,0,4,1,NA
"139",139,"Burkina Faso",1995,439,5,2,1,1,-5,16.101139,15.1,6.6989961,4.5999999,0,0,2,0,3,NA,1,0,5,1,2
"140",140,"Burkina Faso",1996,439,6,2,2,2,-5,16.128321,15.38,6.7077799,7.0999999,0,0,2,0,2,NA,1,0,7,1,3
"141",141,"Burkina Faso",1997,439,7,2,2,2,-4,16.155149,15.66,6.7398362,5.1999998,0,0,2,0,1,NA,1,0,7,1,2
"142",142,"Burkina Faso",1998,439,4,2,1,1,-4,16.182211,15.94,6.7823882,1,0,0,2,0,4,NA,1,0,5,1,1
"143",143,"Burkina Faso",1999,439,6,2,2,2,-4,16.21022,16.219999,6.8298559,6.6999998,0,0,2,0,2,NA,1,0,7,1,4
"144",144,"Burkina Faso",2000,439,4,1,2,1,-3,16.239571,16.5,6.8386278,1.6,0,0,2,0,4,NA,1,0,5,1,2
"145",145,"Burkina Faso",2001,439,4,1,2,2,0,16.27038,16.860001,6.9865351,5.9000001,0,0,2,0,4,NA,1,0,6,1,4
"146",146,"Burkina Faso",2002,439,4,1,2,1,0,16.302271,17.219999,7.0380268,4.4000001,0,0,2,0,4,NA,1,0,5,1,4
"147",147,"Burkina Faso",2003,439,5,2,1,1,0,16.334629,17.58,7.1228948,6.5,0,0,2,0,3,NA,1,0,5,1,4
"148",148,"Burkina Faso",2004,439,4,1,2,1,0,16.36665,17.940001,7.142386,4.6500001,0,0,2,0,4,NA,1,0,5,1,3
"149",149,"Burma",1994,775,3,0,0,0,-7,17.59458,25.860001,NA,7.4779582,0,0,0,0,5,NA,0,0,0,0,NA
"150",150,"Burma",1995,775,2,0,0,0,-7,17.610991,26.1,NA,6.948051,0,0,0,0,6,NA,0,0,0,0,5
"151",151,"Burma",1996,775,2,0,0,0,-7,17.62645,26.48,NA,6.4427152,0,0,0,0,6,NA,0,0,0,0,6
"152",152,"Burma",1997,775,1,0,0,0,-7,17.641041,26.860001,NA,5.6515832,0,0,0,0,7,NA,0,0,0,0,6
"153",153,"Burma",1998,775,1,0,0,0,-7,17.654869,27.24,NA,5.8662128,0,0,0,0,7,NA,0,0,0,0,7
"154",154,"Burma",1999,775,1,0,0,0,-7,17.668131,27.620001,NA,10.94513,0,0,0,0,7,NA,0,0,0,0,7
"155",155,"Burma",2000,775,0,0,0,0,-7,17.680941,28,NA,9.8484526,0,0,0,0,8,NA,0,0,0,0,7
"156",156,"Burma",2001,775,1,0,0,0,-7,17.69334,28.52,NA,11.29998,0,0,0,0,7,NA,0,0,0,0,8
"157",157,"Burma",2002,775,3,0,0,0,-7,17.70529,29.040001,NA,11.99997,0,0,0,0,5,NA,0,0,0,0,7
"158",158,"Burma",2003,775,0,0,0,0,-7,17.71674,29.559999,NA,13.80003,0,0,0,0,8,NA,0,0,0,0,5
"159",159,"Burma",2004,775,1,0,0,0,-8,17.72761,30.08,NA,2.999974,0,0,0,0,7,NA,0,0,0,0,8
"160",160,"Burundi",1994,516,NA,NA,NA,NA,0,15.62195,7.0999999,6.554266,-3.8299999,0,0,-77,0,NA,NA,NA,0,NA,1,NA
"161",161,"Burundi",1995,516,NA,NA,NA,NA,0,15.63343,7.3000002,6.6078601,-7.9200001,0,0,-77,0,NA,NA,NA,0,NA,1,NA
"162",162,"Burundi",1996,516,1,0,0,1,-5,15.64241,7.5599999,6.565784,-8,0,0,1,0,7,NA,1,0,2,1,NA
"163",163,"Burundi",1997,516,0,0,1,1,-5,15.64963,7.8200002,6.630105,-1.59,0,0,1,0,8,NA,0,0,2,1,7
"164",164,"Burundi",1998,516,0,0,1,1,-1,15.65738,8.0799999,6.5893078,4.75,0,0,1,0,8,NA,1,0,3,1,8
"165",165,"Burundi",1999,516,1,0,0,1,-1,15.66857,8.3400002,6.677537,-1.01,0,0,1,0,7,NA,0,0,1,1,8
"166",166,"Burundi",2000,516,1,0,0,1,-1,15.68517,8.6000004,6.549428,-0.85686398,0,0,2,0,7,NA,0,0,1,1,7
"167",167,"Burundi",2001,516,1,0,1,1,0,15.70762,8.8800001,6.578073,2.0558071,0,0,1,0,7,NA,0,0,2,1,7
"171",171,"Cambodia",2001,811,5,1,2,0,2,16.381001,17.459999,6.32515,7.6627059,1,0,2,0,3,NA,2,1,5,1,NA
"172",172,"Cambodia",2002,811,5,1,2,0,2,16.4009,18.02,6.381763,6.1953802,0,0,2,0,3,NA,1,1,4,1,3
"173",173,"Cambodia",2003,811,4,0,1,0,2,16.420521,18.58,6.4235959,8.5906162,0,0,2,0,4,NA,1,1,2,1,3
"174",174,"Cambodia",2004,811,4,0,2,0,2,16.440041,19.139999,NA,9.9577856,0,1,2,1,4,NA,0,0,2,1,4
"175",175,"Cameroon",1994,471,2,0,1,1,-4,16.37867,44.380001,7.5265608,-2.500001,0,0,1,0,6,NA,1,1,3,1,NA
"176",176,"Cameroon",1995,471,4,0,0,0,-4,16.40345,45.299999,7.5717669,3.2999959,0,0,1,0,4,NA,0,0,0,1,6
"177",177,"Cameroon",1996,471,4,0,0,0,-4,16.427231,46.240002,7.609036,5.0000038,0,0,1,0,4,NA,1,0,1,1,4
"178",178,"Cameroon",1997,471,3,1,1,0,-4,16.450081,47.18,7.655467,5.099998,0,0,1,0,5,NA,1,0,3,1,4
"179",179,"Cameroon",1998,471,1,1,0,1,-4,16.472059,48.119999,7.6757789,5.0392532,0,0,1,0,7,NA,0,0,2,1,5
"180",180,"Cameroon",1999,471,2,1,0,0,-4,16.493311,49.060001,7.662262,4.3938112,0,0,1,0,6,NA,1,0,2,1,7
"181",181,"Cameroon",2000,471,1,1,0,1,-4,16.513941,50,7.8126731,4.199996,0,0,1,0,7,NA,1,0,3,1,6
"182",182,"Cameroon",2001,471,2,0,0,0,-4,16.53397,50.919998,7.8669829,4.5142708,0,0,1,0,6,NA,1,1,1,1,7
"183",183,"Cameroon",2002,471,2,1,0,0,-4,16.553419,51.84,7.9114509,4.0090451,0,0,1,0,6,NA,1,0,2,1,6
"184",184,"Cameroon",2003,471,4,1,0,0,-4,16.57226,52.759998,7.9665532,4.030993,0,0,1,0,4,NA,0,0,1,1,6
"185",185,"Cameroon",2004,471,4,0,0,0,-4,16.59046,53.68,NA,3.701854,0,0,1,0,4,NA,0,0,0,1,4
"186",186,"Central African Republic",1994,482,5,1,1,0,5,15.01889,37.119999,6.6751928,4.9000001,0,0,1,0,3,NA,1,0,3,1,NA
"187",187,"Central African Republic",1995,482,5,1,0,0,5,15.04351,37.200001,6.731576,7.1999998,0,0,1,0,3,NA,1,0,2,1,3
"188",188,"Central African Republic",1996,482,5,1,0,0,5,15.06667,37.279999,6.7067742,-4,0,0,1,0,3,NA,0,0,1,1,3
"189",189,"Central African Republic",1997,482,6,1,0,0,5,15.08852,37.360001,6.7547188,5.3000002,0,0,1,0,2,NA,1,0,2,1,3
"190",190,"Central African Republic",1998,482,4,1,0,1,5,15.10889,37.439999,6.7950039,4.6999998,0,0,1,0,4,NA,1,0,3,1,2
"191",191,"Central African Republic",1999,482,5,1,1,0,5,15.12758,37.52,6.8168058,3.5999999,0,0,1,0,3,NA,1,0,3,1,4
"192",192,"Central African Republic",2000,482,3,1,0,1,5,15.14455,37.599998,6.8512931,2.3,0,0,1,0,5,NA,1,0,3,1,3
"193",193,"Central African Republic",2001,482,2,1,0,0,5,15.1597,37.68,6.8747602,1.5,0,0,1,0,6,NA,1,0,2,1,5
"194",194,"Central African Republic",2002,482,4,1,0,1,5,15.17325,37.759998,6.844986,-0.80000001,0,0,1,0,4,NA,1,0,3,1,6
"195",195,"Central African Republic",2003,482,4,1,0,1,-1,15.18583,37.84,6.858634,-7.600204,0,0,1,0,4,NA,0,0,2,1,4
"196",196,"Central African Republic",2004,482,3,1,0,1,-1,15.19829,37.919998,NA,1.3,0,0,1,0,5,NA,1,0,3,1,4
"197",197,"Chad",1994,483,3,1,2,0,-4,15.73612,21.68,6.7208662,10.13689,0,0,1,0,5,NA,1,0,4,1,NA
"198",198,"Chad",1995,483,3,1,1,0,-4,15.76621,21.9,6.768518,1.236549,0,0,2,0,5,NA,1,0,3,1,5
"199",199,"Chad",1996,483,3,1,1,1,-2,15.79627,22.200001,6.7242098,2.214473,0,0,1,0,5,NA,1,0,4,1,5
"200",200,"Chad",1997,483,2,1,1,1,-2,15.8263,22.5,6.7196908,5.6533918,0,0,2,0,6,NA,1,0,4,1,5
"201",201,"Chad",1998,483,1,1,1,1,-2,15.85682,22.799999,6.754344,6.95158,0,0,1,0,7,NA,1,0,4,1,6
"202",202,"Chad",1999,483,3,1,0,1,-2,15.88848,23.1,6.765141,-0.68285018,0,0,1,0,5,NA,1,0,3,1,7
"203",203,"Chad",2000,483,3,1,0,1,-2,15.92154,23.4,6.720829,-0.87968099,0,0,1,0,5,NA,1,0,3,1,5
"204",204,"Chad",2001,483,3,1,0,0,-2,15.95619,23.780001,6.7125602,11.65814,0,0,1,0,5,NA,1,0,2,1,5
"205",205,"Chad",2002,483,4,1,0,1,-2,15.9919,24.16,6.7485962,8.4912052,0,0,2,0,4,NA,1,0,3,1,5
"206",206,"Chad",2003,483,4,1,0,1,-2,16.027439,24.540001,6.9436402,14.72167,0,0,1,0,4,NA,1,0,3,1,4
"207",207,"Chad",2004,483,2,1,1,1,-2,16.06131,24.92,NA,33.62936,0,0,1,0,6,NA,0,0,3,1,4
"219",219,"China",1994,710,0,0,0,0,-7,20.89876,30.6,7.7310781,13.1,3,1,1,1,8,NA,0,0,0,0,NA
"220",220,"China",1995,710,0,0,0,0,-7,20.90963,31.4,7.8379288,10.9,1,2,1,1,8,NA,0,0,0,0,8
"221",221,"China",1996,710,3,0,0,0,-7,20.920111,32.279999,7.9407139,10,2,0,1,0,5,NA,0,1,0,0,8
"222",222,"China",1997,710,2,0,0,0,-7,20.93034,33.16,8.0465269,9.3000002,0,3,1,1,6,NA,0,1,0,0,5
"223",223,"China",1998,710,2,0,0,0,-7,20.939939,34.040001,8.1147509,7.8000002,3,0,1,0,6,NA,0,1,0,0,6
"224",224,"China",1999,710,2,0,0,0,-7,20.94939,34.919998,8.1863155,7.5999999,0,2,1,1,6,NA,0,0,0,0,6
"225",225,"China",2000,710,3,0,0,0,-7,20.95647,35.799999,8.2945051,8.3999996,2,4,1,1,5,NA,0,1,0,0,6
"226",226,"China",2001,710,2,0,0,0,-7,20.963739,36.720001,8.3869562,8.3000002,4,1,1,1,6,NA,0,0,0,0,5
"227",227,"China",2002,710,1,0,0,0,-7,20.97044,37.639999,8.4861889,9.1000004,1,10,1,1,7,NA,0,1,0,0,6
"228",228,"China",2003,710,1,0,0,0,-7,20.976669,38.560001,8.5794668,10,10,2,1,1,7,NA,0,1,0,0,7
"229",229,"China",2004,710,1,0,0,0,-7,20.98267,39.48,8.6607208,10.1,2,6,1,1,7,NA,0,1,0,0,7
"241",241,"Congo, Democratic Republic of",1994,490,NA,NA,NA,NA,0,17.59255,28.280001,6.1942601,-3.899997,0,0,-77,0,NA,NA,NA,0,NA,1,NA
"242",242,"Congo, Democratic Republic of",1995,490,NA,NA,NA,NA,0,17.622141,28.4,6.1780968,0.69999892,0,0,-77,0,NA,NA,NA,0,NA,1,NA
"243",243,"Congo, Democratic Republic of",1996,490,NA,NA,NA,NA,0,17.64683,28.68,6.2110062,-1.023175,0,0,-77,0,NA,NA,NA,0,NA,1,NA
"244",244,"Congo, Democratic Republic of",1997,490,NA,NA,NA,NA,0,17.66773,28.959999,6.1372318,-5.6170449,0,0,-77,0,NA,NA,NA,0,NA,1,NA
"245",245,"Congo, Democratic Republic of",1998,490,NA,NA,NA,NA,0,17.686781,29.24,6.088892,-1.624157,0,0,-77,0,NA,NA,NA,0,NA,1,NA
"246",246,"Congo, Democratic Republic of",1999,490,NA,NA,NA,NA,0,17.70649,29.52,5.9876461,-4.2701349,0,0,-77,0,NA,NA,NA,0,NA,1,NA
"247",247,"Congo, Democratic Republic of",2000,490,NA,NA,NA,NA,0,17.728571,29.799999,5.8837318,-6.9001069,0,0,-77,0,NA,NA,NA,0,NA,1,NA
"248",248,"Congo, Democratic Republic of",2001,490,0,0,0,0,0,17.753361,30.26,5.9180059,-2.0998771,0,0,1,0,8,NA,0,0,0,1,NA
"251",251,"Congo, Republic of",1994,484,3,1,1,2,5,14.85296,55.98,7.1089821,-5.5,0,0,2,0,5,NA,1,0,5,1,NA
"252",252,"Congo, Republic of",1995,484,4,2,1,2,5,14.88558,56.400002,7.3591781,4,0,0,2,0,4,NA,1,0,6,1,5
"253",253,"Congo, Republic of",1996,484,4,1,1,1,5,14.9187,56.779999,7.4905658,4.3000002,0,0,2,0,4,NA,0,0,3,1,4
"254",254,"Congo, Republic of",1997,484,1,1,1,1,-6,14.95212,57.16,7.5691919,-0.60000002,0,0,2,0,7,NA,1,0,4,0,4
"255",255,"Congo, Republic of",1998,484,3,1,0,1,-6,14.98547,57.540001,7.471261,3.7,0,0,1,0,5,NA,1,0,3,0,7
"256",256,"Congo, Republic of",1999,484,0,1,0,1,-6,15.0183,57.919998,7.0458159,-2.5999999,0,0,1,0,8,NA,1,0,3,0,5
"257",257,"Congo, Republic of",2000,484,3,2,1,2,-6,15.05034,58.299999,7.15944,7.5999999,0,0,2,0,5,NA,1,0,6,0,8
"258",258,"Congo, Republic of",2001,484,4,2,1,1,-5,15.08161,58.68,7.2005391,3.8,0,0,1,0,4,NA,1,0,5,1,5
"259",259,"Congo, Republic of",2003,484,5,1,1,1,-4,15.14239,59.439999,7.4267621,1.721949,0,0,2,0,3,NA,1,0,4,1,4
"260",260,"Congo, Republic of",2004,484,6,1,1,1,-4,15.1721,59.82,NA,3.5999999,0,0,1,0,2,NA,0,0,3,1,3
"272",272,"Cote d'Ivoire",1994,437,4,1,0,1,-6,16.478479,41.060001,7.5585432,0.8112067,0,0,2,0,4,NA,1,0,3,0,NA
"273",273,"Cote d'Ivoire",1995,437,1,1,0,1,-6,16.507111,41.400002,7.6120229,7.1257448,0,0,1,0,7,NA,1,0,3,0,4
"274",274,"Cote d'Ivoire",1996,437,4,0,1,0,-6,16.53507,41.720001,7.6802101,7.7293272,0,0,1,0,4,NA,1,0,2,0,7
"275",275,"Cote d'Ivoire",1997,437,5,1,1,0,-6,16.562229,42.040001,7.700326,5.719059,0,0,2,0,3,NA,1,0,3,0,4
"276",276,"Cote d'Ivoire",1998,437,3,1,1,1,-6,16.58803,42.360001,7.7303448,4.7524748,0,0,2,0,5,NA,0,0,3,0,3
"277",277,"Cote d'Ivoire",1999,437,3,1,0,0,-1,16.61174,42.68,7.756424,1.586448,0,0,1,0,5,NA,1,0,2,1,5
"278",278,"Cote d'Ivoire",2000,437,1,1,0,1,4,16.633011,43,7.6832471,-3.349508,0,0,1,0,7,NA,1,0,3,1,5
"279",279,"Cote d'Ivoire",2001,437,2,1,0,1,4,16.65172,43.400002,7.8658881,0.1008471,0,0,1,0,6,NA,1,0,3,1,7
"280",280,"Cote d'Ivoire",2002,437,3,1,0,1,0,16.66832,43.799999,7.8694429,-1.630383,0,0,1,0,5,NA,1,0,3,1,6
"281",281,"Cote d'Ivoire",2003,437,2,0,0,1,0,16.68363,44.200001,7.8575578,-1.660594,0,0,2,0,6,NA,1,0,2,1,5
"282",282,"Cote d'Ivoire",2004,437,2,1,0,1,0,16.69874,44.599998,NA,1.644834,0,0,1,0,6,NA,0,0,2,1,6
"286",286,"Cuba",1994,40,3,0,1,0,-7,16.195881,74.120003,8.4395218,NA,0,0,1,0,5,NA,0,0,1,0,NA
"287",287,"Cuba",1995,40,3,0,1,0,-7,16.20122,74.300003,8.4518805,2.457201,0,0,1,0,5,NA,0,0,1,0,5
"288",288,"Cuba",1996,40,3,0,1,0,-7,16.20649,74.559998,8.5156441,7.8387499,0,0,1,0,5,NA,0,0,1,0,5
"289",289,"Cuba",1997,40,4,0,1,0,-7,16.211599,74.82,8.5270414,2.492615,0,0,1,0,4,NA,0,0,1,0,5
"290",290,"Cuba",1998,40,3,0,1,0,-7,16.216419,75.080002,8.5320559,1.246878,0,0,1,0,5,NA,0,0,1,0,4
"291",291,"Cuba",1999,40,4,0,1,0,-7,16.220819,75.339996,8.6046591,6.2375879,0,0,1,0,4,NA,0,0,1,0,5
"292",292,"Cuba",2000,40,4,0,1,0,-7,16.22468,75.599998,8.6479788,5.6270099,0,0,1,0,4,NA,0,0,1,0,4
"293",293,"Cuba",2001,40,5,0,1,0,-7,16.227961,75.580002,8.7021933,2.999902,0,0,1,0,3,NA,0,0,1,0,4
"294",294,"Cuba",2002,40,4,0,1,0,-7,16.230761,75.559998,8.750349,1.799859,0,0,1,0,4,NA,0,0,1,0,3
"295",295,"Cuba",2003,40,4,0,1,0,-7,16.233191,75.540001,8.8357458,3.8000309,0,0,1,0,4,NA,0,0,1,0,4
"296",296,"Cuba",2004,40,4,0,1,0,-7,16.23543,75.519997,NA,5.4000368,0,0,1,0,4,NA,0,0,1,0,4
"310",310,"Djibouti",1994,522,NA,NA,1,NA,-7,13.30037,78.959999,7.9103179,-0.94174761,0,0,1,0,NA,NA,NA,0,NA,0,NA
"311",311,"Djibouti",1995,522,NA,NA,1,NA,-7,13.31913,79.699997,8.1220112,-3.4884329,0,0,1,0,NA,NA,NA,0,NA,0,NA
"312",312,"Djibouti",1996,522,NA,NA,2,NA,-6,13.3464,80.419998,8.0218067,-4.1153879,0,0,1,0,NA,NA,NA,0,NA,0,NA
"313",313,"Djibouti",1997,522,NA,NA,1,NA,-6,13.37949,81.139999,8.1125097,-0.74723309,0,0,1,0,NA,NA,NA,0,NA,0,NA
"314",314,"Djibouti",1998,522,NA,NA,1,NA,-6,13.41523,81.860001,8.1110449,0.1007728,0,0,1,0,NA,NA,NA,0,NA,0,NA
"315",315,"Djibouti",1999,522,NA,NA,0,NA,2,13.44942,82.580002,8.384387,2.1789219,0,0,1,0,NA,NA,NA,0,NA,1,NA
"316",316,"Djibouti",2000,522,NA,NA,0,NA,2,13.47944,83.300003,8.3838539,0.41627121,0,0,0,0,NA,NA,NA,0,NA,1,NA
"317",317,"Djibouti",2001,522,6,0,0,0,2,13.50506,83.860001,8.4404812,2.0476811,0,0,0,0,2,NA,1,0,1,1,NA
"318",318,"Djibouti",2002,522,NA,NA,0,NA,2,13.52749,84.419998,8.4389811,2.618649,0,0,0,0,NA,NA,NA,0,NA,1,2
"319",319,"Djibouti",2003,522,4,0,2,0,2,13.54742,84.980003,8.4419937,3.200151,0,0,2,0,4,NA,1,0,3,1,NA
"320",320,"Djibouti",2004,522,5,0,2,0,2,13.5659,85.540001,NA,3.000526,0,0,1,0,3,NA,1,0,3,1,4
"321",321,"Dominican Republic",1994,42,2,1,2,1,5,15.87831,57.279999,8.4312382,4.3249378,0,0,1,0,6,NA,1,1,5,1,NA
"322",322,"Dominican Republic",1995,42,4,2,2,1,5,15.89662,57.799999,8.47052,4.670043,0,1,2,1,4,NA,2,0,7,1,6
"343",343,"Egypt",1994,651,3,0,2,0,-6,17.911539,42.939999,8.100934,4.055944,0,0,0,0,5,NA,1,0,3,0,NA
"344",344,"Egypt",1995,651,4,0,1,0,-6,17.930059,42.799999,8.1451397,4.5026879,0,0,0,0,4,NA,1,0,2,0,5
"345",345,"Egypt",1996,651,3,0,2,0,-6,17.94874,42.740002,8.264967,5.1446939,0,0,0,0,5,NA,1,0,3,0,4
"346",346,"Egypt",1997,651,4,0,2,0,-6,17.967529,42.68,8.2672729,5.4923549,0,0,0,0,4,NA,1,0,3,0,5
"347",347,"Egypt",1998,651,5,0,2,1,-6,17.98642,42.619999,8.3130093,4.0240688,0,0,0,0,3,NA,1,0,4,0,4
"348",348,"Egypt",1999,651,3,0,2,2,-6,18.005409,42.560001,8.3668051,6.1099062,0,0,0,0,5,NA,1,0,5,0,3
"349",349,"Egypt",2000,651,4,0,2,1,-6,18.02446,42.5,8.4197636,5.3833051,0,0,0,0,4,NA,1,0,4,0,5
"350",350,"Egypt",2001,651,3,0,2,0,-6,18.043579,42.560001,8.4615507,3.524087,0,0,0,0,5,NA,1,0,3,0,4
"351",351,"Egypt",2002,651,2,0,2,0,-6,18.062759,42.619999,8.4958487,3.185384,0,0,0,0,6,NA,1,0,3,0,5
"352",352,"Egypt",2003,651,2,0,2,1,-6,18.081949,42.68,8.5368128,3.1082339,0,0,0,0,6,NA,1,0,4,0,6
"353",353,"Egypt",2004,651,2,0,2,1,-6,18.101061,42.740002,NA,4.1781049,0,0,0,0,6,NA,0,0,3,0,6
"365",365,"Equatorial Guinea",2002,411,NA,NA,0,NA,-5,13.06097,38.84,9.6169252,18.5212,0,0,1,0,NA,NA,NA,0,NA,1,NA
"366",366,"Equatorial Guinea",2003,411,4,0,0,0,-5,13.08392,38.860001,9.2418652,11.7019,0,0,1,0,4,NA,0,0,0,1,NA
"367",367,"Equatorial Guinea",2004,411,3,1,0,0,-5,13.10671,38.880001,NA,31.747681,0,0,1,0,5,NA,0,0,1,1,4
"368",368,"Eritrea",2003,531,3,0,1,0,-7,15.21509,18.76,6.3354511,6.0874839,0,0,0,0,5,NA,0,0,1,0,NA
"369",369,"Eritrea",2004,531,4,0,1,1,-7,15.25808,19.08,6.2900362,1.856773,0,0,0,0,4,NA,0,0,2,0,5
"373",373,"Fiji",1994,950,8,2,2,2,5,13.53867,44.720001,8.3706694,5.0999999,0,0,2,0,0,NA,2,0,8,1,NA
"374",374,"Fiji",1995,950,8,2,2,2,5,13.55146,45.5,8.3921442,2.5,0,0,2,0,0,NA,2,0,8,1,0
"375",375,"Fiji",1996,950,7,2,2,2,5,13.5633,46.060001,8.4613705,4.8000002,0,0,2,0,1,NA,1,0,7,1,0
"376",376,"Fiji",1997,950,7,2,2,2,5,13.57456,46.619999,8.4247818,-2.2,0,0,2,0,1,NA,2,0,8,1,1
"377",377,"Fiji",1998,950,7,2,2,1,5,13.5853,47.18,8.4286909,1.3,0,0,2,0,1,NA,2,0,7,1,1
"379",379,"Fiji",2000,950,7,1,2,1,5,13.6057,48.299999,8.4276943,-1.7,0,0,2,0,1,NA,1,0,5,1,1
"380",380,"Fiji",2001,950,6,1,2,1,5,13.61542,48.799999,8.4708099,2,0,0,2,0,2,NA,1,0,5,1,1
"381",381,"Fiji",2002,950,7,1,2,1,5,13.62472,49.299999,8.5403585,3.2,0,0,2,0,1,NA,1,0,5,1,2
"382",382,"Fiji",2003,950,7,2,2,2,5,13.63361,49.799999,8.5702477,1,0,0,2,0,1,NA,2,0,8,1,1
"384",384,"Gabon",1994,481,4,0,0,1,-4,13.89815,74.139999,9.0677938,3.712755,0,0,0,0,4,NA,2,0,3,1,NA
"385",385,"Gabon",1995,481,8,2,0,1,-4,13.92771,75.400002,9.0457783,4.9738479,0,0,0,0,0,NA,2,0,5,1,4
"386",386,"Gabon",1996,481,7,2,0,1,-4,13.95635,76.339996,9.137187,3.6250491,0,0,0,0,1,NA,2,0,5,1,0
"387",387,"Gabon",1997,481,6,2,0,2,-4,13.98397,77.279999,9.0435209,5.738368,0,0,0,0,2,NA,2,0,6,1,1
"388",388,"Gabon",1998,481,7,2,0,2,-4,14.01013,78.220001,8.9194622,3.477834,0,0,0,0,1,NA,2,0,6,1,2
"389",389,"Gabon",1999,481,6,2,0,2,-4,14.03429,79.160004,9.0209837,-8.9326229,0,0,0,0,2,NA,1,0,5,1,1
"390",390,"Gabon",2000,481,8,2,0,1,-4,14.05618,80.099998,9.2532883,-1.882966,0,0,0,0,0,NA,1,0,4,1,2
"391",391,"Gabon",2001,481,6,2,0,2,-4,14.07567,80.800003,9.1430254,2.13168,0,0,0,0,2,NA,1,0,5,1,0
"392",392,"Gabon",2002,481,7,2,0,1,-4,14.09311,81.5,9.1208382,-0.26715419,0,0,0,0,1,NA,1,0,4,1,2
"393",393,"Gabon",2003,481,7,2,0,1,-4,14.10916,82.199997,9.1170702,2.4751921,0,0,0,0,1,NA,1,0,4,1,1
"394",394,"Gabon",2004,481,6,1,0,1,-4,14.12471,82.900002,9.1589746,1.346016,0,0,0,0,2,NA,1,0,3,1,1
"395",395,"Gambia, The",1997,420,6,0,2,2,-5,13.99268,45.919998,7.114408,4.8999991,0,0,2,0,2,NA,0,0,4,1,NA
"396",396,"Gambia, The",1998,420,7,1,2,2,-5,14.02601,46.98,7.2122951,3.499999,0,0,1,0,1,NA,1,0,6,1,2
"397",397,"Gambia, The",1999,420,6,1,1,2,-5,14.05851,48.040001,6.808568,6.4000001,0,0,1,0,2,NA,0,0,4,1,1
"398",398,"Gambia, The",2000,420,6,0,1,1,-5,14.09002,49.099998,6.8605161,5.5,0,0,1,0,2,NA,1,0,3,1,2
"399",399,"Gambia, The",2001,420,5,1,1,2,-5,14.12052,50.060001,6.89498,5.8000002,0,0,1,0,3,NA,0,0,4,1,2
"400",400,"Gambia, The",2002,420,7,1,1,1,-5,14.15005,51.02,6.8363409,-3.246948,0,0,1,0,1,NA,0,0,3,1,3
"401",401,"Gambia, The",2003,420,6,2,2,1,-5,14.17855,51.98,6.9079509,6.9518709,0,0,1,0,2,NA,1,0,6,1,1
"402",402,"Gambia, The",2004,420,6,1,2,1,-5,14.20597,52.939999,NA,5.0999999,0,0,1,0,2,NA,0,0,4,1,2
"403",403,"Georgia",2003,372,4,1,2,1,5,15.33385,52.400002,8.4148569,11.1,0,0,2,0,4,NA,1,0,5,1,NA
"405",405,"Ghana",1994,452,7,2,2,1,-1,16.66507,39.459999,7.0758662,3.3,0,0,2,0,1,NA,1,0,6,1,NA
"406",406,"Ghana",1995,452,6,1,1,1,-1,16.6905,40.200001,7.1306391,4.1124191,0,0,2,0,2,NA,1,0,4,1,1
"407",407,"Ghana",1996,452,6,2,2,1,2,16.71472,40.959999,7.1283798,4.6024609,0,0,2,0,2,NA,1,0,6,1,2
"408",408,"Ghana",1997,452,5,1,1,1,2,16.73793,41.720001,7.14888,4.1963582,0,0,2,0,3,NA,1,0,4,1,2
"409",409,"Ghana",1998,452,7,2,1,1,2,16.76041,42.48,7.2333131,4.7003908,0,0,2,0,1,NA,1,0,5,1,3
"410",410,"Ghana",1999,452,6,1,1,2,2,16.782539,43.240002,7.2470298,4.4064279,0,1,2,1,2,NA,1,0,5,1,1
"411",411,"Ghana",2000,452,5,1,1,1,2,16.804569,44,7.2386408,3.6936121,1,0,2,0,3,NA,1,0,4,1,2
"416",416,"Guatemala",1994,90,2,1,2,1,3,16.092449,42.700001,8.0849361,4.033741,0,0,2,0,6,NA,1,0,5,1,NA
"417",417,"Guatemala",1995,90,2,2,2,0,3,16.115129,43.099998,8.1270828,4.9485469,0,0,2,0,6,NA,1,1,5,1,6
"427",427,"Guinea",1995,438,4,0,0,1,-1,15.80656,29.5,7.624342,4.6076732,0,0,1,0,4,NA,1,0,2,1,NA
"428",428,"Guinea",1996,438,2,0,0,1,-1,15.83509,29.799999,7.692811,5.222404,0,0,1,0,6,NA,1,0,2,1,4
"429",429,"Guinea",1997,438,4,0,0,1,-1,15.85954,30.1,7.7345891,4.6507411,0,0,1,0,4,NA,1,0,2,1,6
"430",430,"Guinea",1998,438,4,0,0,1,-1,15.88096,30.4,7.8028111,4.8329749,0,0,1,0,4,NA,1,0,2,1,4
"431",431,"Guinea",1999,438,2,0,0,1,-1,15.90076,30.700001,7.824348,4.6721978,0,0,1,0,6,NA,1,0,2,1,4
"432",432,"Guinea",2000,438,2,0,0,1,-1,15.91996,31,7.8423271,1.882241,0,0,1,0,6,NA,1,0,2,1,6
"433",433,"Guinea",2001,438,3,0,0,0,-1,15.9388,31.4,7.9299679,3.97592,0,0,1,0,5,NA,1,0,1,1,6
"434",434,"Guinea",2002,438,4,0,0,0,-1,15.95718,31.799999,7.9921551,4.1889348,0,0,2,0,4,NA,1,0,1,1,5
"435",435,"Guinea",2003,438,6,0,0,0,-1,15.97545,32.200001,8.026186,1.238451,0,0,2,0,2,NA,1,0,1,1,4
"436",436,"Guinea",2004,438,5,0,0,1,-1,15.99398,32.599998,8.0673943,2.671345,0,0,1,0,3,NA,0,0,1,1,2
"437",437,"Guinea-Bissau",1995,404,7,2,2,1,5,13.9889,29.799999,6.5881448,4.4000001,0,0,2,0,1,NA,1,0,6,1,NA
"438",438,"Guinea-Bissau",1996,404,6,1,1,2,5,14.01758,29.780001,6.6242151,11.6,0,0,2,0,2,NA,1,0,5,1,1
"439",439,"Guinea-Bissau",1997,404,6,2,1,2,5,14.04497,29.76,6.537478,6.5,0,0,2,0,2,NA,1,0,6,1,2
"440",440,"Guinea-Bissau",1998,404,NA,NA,NA,NA,0,14.07179,29.74,6.2211418,-28.099979,0,0,-77,0,NA,NA,NA,0,NA,1,2
"441",441,"Guinea-Bissau",1999,404,3,2,0,2,3,14.09899,29.719999,6.322597,7.8000002,0,0,1,0,5,NA,1,0,5,1,NA
"442",442,"Guinea-Bissau",2000,404,7,2,0,1,5,14.12714,29.700001,6.6364732,7.5,0,0,1,0,1,NA,1,0,4,1,5
"443",443,"Guinea-Bissau",2001,404,6,2,0,2,5,14.15639,29.68,6.45437,0.2,0,0,1,0,2,NA,1,0,5,1,1
"444",444,"Guinea-Bissau",2002,404,5,1,2,1,5,14.18641,29.66,6.3922372,-7.0999999,0,0,1,0,3,NA,1,0,5,1,2
"445",445,"Guinea-Bissau",2003,404,4,2,2,1,-1,14.21682,29.639999,6.4591408,0.60000002,0,0,1,0,4,NA,1,0,6,1,3
"446",446,"Guinea-Bissau",2004,404,6,2,2,1,-1,14.24711,29.620001,NA,2.2,0,0,2,0,2,NA,2,0,7,1,4
"462",462,"Haiti",1999,41,2,2,2,1,2,15.87291,35,7.5230908,2.7,0,0,2,0,6,NA,1,1,6,1,NA
"463",463,"Haiti",2000,41,5,2,2,2,-2,15.88727,35.599998,7.6349602,0.39053851,0,0,2,0,3,NA,1,1,7,1,6
"464",464,"Haiti",2001,41,4,1,2,1,-2,15.90159,36.240002,NA,-1.042697,0,0,2,0,4,NA,1,0,5,1,3
"465",465,"Haiti",2002,41,3,1,2,0,-2,15.91592,36.880001,NA,-0.26149821,0,0,2,0,5,NA,1,0,4,1,4
"466",466,"Haiti",2003,41,2,0,2,0,-2,15.93025,37.52,NA,0.3624306,0,0,2,0,6,NA,1,0,3,1,5
"500",500,"Indonesia",1994,850,3,0,1,1,-7,19.062759,34.599998,8.0577049,7.5400672,0,5,1,1,5,NA,0,0,2,0,NA
"501",501,"Indonesia",1995,850,3,1,0,1,-7,19.0769,35.599998,8.1328297,8.3963575,5,2,0,1,5,NA,0,1,2,0,5
"502",502,"Indonesia",1996,850,1,0,0,0,-7,19.090851,36.880001,8.2077169,7.642787,2,3,1,1,7,NA,1,0,1,0,5
"503",503,"Indonesia",1997,850,0,0,0,0,-7,19.104601,38.16,8.2631378,4.699872,3,3,1,1,8,NA,1,1,1,0,7
"504",504,"Indonesia",1998,850,0,0,0,0,-5,19.11816,39.439999,8.198185,-13.12672,3,7,1,1,8,NA,1,1,1,1,8
"511",511,"Iran",1994,630,3,0,2,0,-6,17.87619,59.419998,8.5806799,-0.3505531,0,0,0,0,5,NA,0,0,2,0,NA
"512",512,"Iran",1995,630,2,0,2,0,-6,17.892269,60.200001,8.5266457,2.6526861,0,0,0,0,6,NA,0,0,2,0,5
"513",513,"Iran",1996,630,2,0,2,0,-6,17.907841,61,8.5639448,7.1007352,0,0,0,0,6,NA,0,0,2,0,6
"514",514,"Iran",1997,630,1,0,2,0,3,17.92433,61.799999,8.5437555,3.3848071,0,0,0,0,7,NA,0,0,2,1,6
"515",515,"Iran",1998,630,1,0,2,0,3,17.94022,62.599998,8.5354624,2.7405851,0,0,0,0,7,NA,0,0,2,1,7
"516",516,"Iran",1999,630,0,0,2,0,3,17.954451,63.400002,8.6413774,1.933822,0,0,0,0,8,NA,0,0,2,1,7
"517",517,"Iran",2000,630,1,0,1,0,3,17.96913,64.199997,8.7070742,5.1431632,0,0,0,0,7,NA,0,0,1,1,8
"518",518,"Iran",2001,630,1,0,1,0,3,17.982611,64.739998,8.7255058,3.669672,0,6,0,1,7,NA,0,0,1,1,7
"519",519,"Iran",2002,630,1,0,1,0,3,17.998171,65.279999,8.848525,7.5155978,6,1,0,1,7,NA,0,0,1,1,7
"520",520,"Iran",2003,630,2,0,1,0,3,18.011089,65.82,8.8826847,7.1146808,1,0,0,0,6,NA,0,0,1,1,7
"521",521,"Iran",2004,630,NA,0,1,0,-6,18.0249,66.360001,NA,5.0840502,0,0,0,0,NA,NA,0,1,1,0,6
"522",522,"Iraq",1994,645,2,0,0,0,-9,16.858089,68.980003,7.3104339,NA,0,0,0,0,6,NA,0,0,0,0,NA
"523",523,"Iraq",1995,645,3,0,0,0,-9,16.889681,68.800003,7.1215239,NA,0,0,0,0,5,NA,0,0,0,0,6
"524",524,"Iraq",1996,645,0,0,0,0,-9,16.92086,68.599998,7.5251818,NA,0,0,0,0,8,NA,0,0,0,0,5
"525",525,"Iraq",1997,645,0,0,0,0,-9,16.951571,68.400002,7.1514888,NA,0,0,0,0,8,NA,0,0,0,0,8
"526",526,"Iraq",1998,645,0,0,0,0,-9,16.981371,68.199997,7.6237521,34.799999,0,0,0,0,8,NA,0,0,0,0,8
"527",527,"Iraq",1999,645,0,0,0,0,-9,17.00976,68,7.8558002,24.799999,0,0,0,0,8,NA,0,0,0,0,8
"528",528,"Iraq",2000,645,0,0,0,0,-9,NA,67.800003,7.8019428,-4.3000002,0,0,0,0,8,NA,0,0,0,0,8
"529",529,"Iraq",2001,645,0,0,0,0,-9,NA,67.620003,7.835083,-6.5999999,0,0,0,0,8,NA,0,0,0,0,8
"552",552,"Jordan",1994,663,6,1,1,1,-2,15.2169,77.160004,8.1809177,4.9864368,0,0,0,0,2,NA,1,0,4,1,NA
"553",553,"Jordan",1995,663,4,2,1,0,-2,15.2494,78.400002,8.2497797,6.1864619,0,0,0,0,4,NA,1,0,4,1,2
"554",554,"Jordan",1996,663,4,1,2,1,-2,15.27993,78.800003,8.2575722,2.0874929,0,0,0,0,4,NA,1,0,5,1,4
"555",555,"Jordan",1997,663,5,0,1,1,-2,15.31046,79.199997,8.2884979,3.3076229,0,0,0,0,3,NA,1,0,3,1,4
"556",556,"Jordan",1998,663,5,0,1,1,-2,15.341,79.599998,8.2923498,3.012347,0,0,0,0,3,NA,2,0,4,1,3
"557",557,"Jordan",1999,663,4,0,2,2,-2,15.35892,80,8.3121939,3.3910019,0,0,0,0,4,NA,1,0,5,1,3
"558",558,"Jordan",2000,663,4,0,2,1,-2,15.38361,80.400002,8.2692032,4.2445631,0,0,0,0,4,NA,1,0,4,1,4
"559",559,"Jordan",2001,663,5,0,2,1,-2,15.40831,80.779999,8.3149128,5.2692962,0,0,0,0,3,NA,1,0,4,1,4
"560",560,"Jordan",2002,663,5,0,2,1,-2,15.43252,81.160004,8.4053459,5.7857962,0,0,0,0,3,NA,1,0,4,1,3
"561",561,"Jordan",2003,663,5,1,1,1,-2,15.45722,81.540001,8.3728762,4.1780748,0,0,0,0,3,NA,1,0,4,1,3
"562",562,"Jordan",2004,663,4,1,1,1,-2,15.48133,81.919998,NA,8.429451,0,0,0,0,4,NA,0,0,3,1,3
"563",563,"Kazakhstan",2002,705,6,0,1,0,-6,16.51412,56.700001,8.9516373,9.8000002,0,0,1,0,2,0.180865969313162,1,0,2,0,NA
"564",564,"Kazakhstan",2003,705,4,0,1,0,-6,16.517481,56.900002,9.1868143,9.3000002,0,0,1,0,4,0.19384320166523,1,0,2,0,2
"565",565,"Kazakhstan",2004,705,4,1,1,0,-6,16.52442,57.099998,NA,9.6000004,0,0,1,0,4,0.175123770598763,0,0,2,0,4
"566",566,"Kenya",1994,501,4,0,1,0,-5,17.09231,18.84,7.125711,2.6327851,0,0,1,0,4,NA,0,0,1,1,NA
"567",567,"Kenya",1995,501,4,0,0,0,-5,17.11968,19,7.0831819,4.4062171,0,0,0,0,4,NA,0,0,0,1,4
"568",568,"Kenya",1996,501,4,0,1,1,-5,17.145651,19.139999,7.1237121,4.1468391,0,0,0,0,4,NA,1,0,3,1,4
"569",569,"Kenya",1997,501,4,0,1,1,-2,17.17042,19.280001,7.1518111,0.47511709,0,1,0,1,4,NA,1,0,3,1,4
"570",570,"Kenya",1998,501,2,0,2,2,-2,17.19416,19.42,7.137558,3.290967,1,2,0,1,6,NA,1,0,5,1,4
"571",571,"Kenya",1999,501,1,0,1,2,-2,17.217091,19.559999,7.0998092,2.2846169,2,0,0,0,7,NA,1,0,4,1,6
"572",572,"Kenya",2000,501,2,0,0,1,-2,17.239429,19.700001,7.1449718,0.59921438,0,0,0,0,6,NA,1,1,2,1,7
"573",573,"Kenya",2001,501,3,1,0,1,-2,17.261169,19.9,7.1593709,3.8025191,0,0,0,0,5,NA,1,1,3,1,6
"577",577,"Korea, Democratic People's Republic of",1994,731,NA,0,0,0,-9,16.845119,58.959999,7.2365141,NA,0,0,0,0,NA,NA,0,0,0,0,NA
"578",578,"Korea, Democratic People's Republic of",1995,731,3,0,0,0,-9,16.85614,59.099998,7.2037921,NA,0,0,0,0,5,NA,0,0,0,0,NA
"579",579,"Korea, Democratic People's Republic of",1996,731,0,0,0,0,-9,16.8664,59.32,7.1813521,NA,0,0,0,0,8,NA,0,0,0,0,5
"580",580,"Korea, Democratic People's Republic of",1997,731,0,0,0,0,-9,16.875919,59.540001,7.1319828,NA,0,0,0,0,8,NA,0,0,0,0,8
"581",581,"Korea, Democratic People's Republic of",1998,731,0,0,0,0,-9,16.88472,59.759998,7.1347561,NA,0,0,0,0,8,NA,0,0,0,0,8
"582",582,"Korea, Democratic People's Republic of",1999,731,0,0,0,0,-9,16.89283,59.98,7.211627,NA,0,0,0,0,8,NA,0,0,0,0,8
"583",583,"Korea, Democratic People's Republic of",2000,731,0,0,0,0,-9,16.90027,60.200001,7.2290802,NA,0,0,0,0,8,NA,0,0,0,0,8
"584",584,"Korea, Democratic People's Republic of",2001,731,0,0,0,0,-9,16.907049,60.48,7.2812638,NA,0,0,0,0,8,NA,0,0,0,0,8
"596",596,"Kuwait",1994,690,6,1,2,0,-7,NA,98.080002,9.9797382,8.4361658,0,0,0,0,2,NA,1,0,4,0,NA
"597",597,"Kuwait",1995,690,5,0,2,0,-7,14.40441,98.099998,10.0096,4.8582911,0,0,0,0,3,NA,1,0,3,0,2
"598",598,"Kuwait",1996,690,2,0,2,1,-7,14.4542,98.120003,10.08577,0.60512692,0,0,0,0,6,NA,0,0,3,0,3
"599",599,"Kuwait",1997,690,5,0,2,1,-7,14.49861,98.139999,10.03102,2.473325,0,0,0,0,3,NA,1,0,4,0,6
"600",600,"Kuwait",1998,690,5,0,2,1,-7,14.52207,98.160004,9.8375578,3.662055,0,0,0,0,3,NA,2,0,5,0,3
"601",601,"Kuwait",1999,690,5,0,2,1,-7,14.56078,98.18,9.9429216,-1.789009,0,0,0,0,3,NA,1,0,4,0,3
"602",602,"Kuwait",2000,690,5,0,2,0,-7,14.59941,98.199997,10.13203,4.694582,0,0,0,0,3,NA,1,0,3,0,3
"603",603,"Kuwait",2001,690,6,0,2,1,-7,14.63749,98.220001,10.02958,0.7290265,0,0,0,0,2,NA,1,0,4,0,3
"604",604,"Kuwait",2002,690,6,0,2,0,-7,14.66349,98.239998,10.01552,5.1107888,0,0,0,0,2,NA,1,0,3,0,2
"605",605,"Kuwait",2003,690,6,0,2,0,-7,14.68949,98.260002,10.20523,13.38983,0,0,0,0,2,NA,1,0,3,0,2
"606",606,"Kuwait",2004,690,6,1,2,0,-7,14.71548,98.279999,NA,6.1939459,0,0,0,0,2,NA,0,0,3,0,2
"607",607,"Kyrgyz Republic",2002,703,6,1,0,1,-3,15.42359,35.560001,8.1844835,-0.017353,0,0,2,0,2,NA,1,0,3,1,NA
"608",608,"Kyrgyz Republic",2003,703,5,1,0,1,-3,15.43264,35.639999,NA,7.0302958,0,0,1,0,3,NA,0,0,2,1,2
"609",609,"Kyrgyz Republic",2004,703,5,1,0,1,-3,15.44334,35.720001,NA,7.0268602,0,0,1,0,3,NA,1,0,3,1,3
"610",610,"Laos",1998,812,5,0,1,0,-7,15.43,18.219999,7.0839581,3.967608,0,0,2,0,3,NA,0,0,1,0,NA
"611",611,"Laos",1999,812,5,0,1,0,-7,15.45004,18.559999,7.1431079,7.306376,0,0,1,0,3,NA,0,0,1,0,3
"612",612,"Laos",2000,812,4,1,1,0,-7,15.46877,18.9,7.1367588,5.805552,0,0,1,0,4,NA,0,0,2,0,3
"613",613,"Laos",2001,812,4,0,1,0,-7,15.48615,19.24,7.1379652,5.7659888,0,0,1,0,4,NA,0,0,1,0,4
"614",614,"Laos",2002,812,4,0,2,0,-7,15.50236,19.58,7.3033419,5.8961668,0,0,1,0,4,NA,0,0,2,0,4
"615",615,"Laos",2003,812,1,0,2,0,-7,15.51793,19.92,7.321383,6.114367,0,0,1,0,7,NA,0,0,2,0,4
"634",634,"Lesotho",1998,570,NA,NA,NA,NA,0,14.37871,17.639999,7.531754,-4.5239158,0,0,-77,0,NA,NA,NA,0,NA,1,NA
"635",635,"Lesotho",1999,570,8,2,2,1,2,14.38883,17.719999,7.5074558,0.182844,0,0,2,0,0,NA,2,0,7,1,NA
"636",636,"Lesotho",2000,570,6,2,2,1,4,14.39633,17.799999,7.5142012,2.560359,0,0,2,0,2,NA,2,0,7,1,0
"641",641,"Liberia",1994,450,NA,NA,NA,NA,0,14.54163,49.060001,5.0438008,-21.76235,0,0,-77,0,NA,NA,NA,0,NA,1,NA
"642",642,"Liberia",1995,450,NA,NA,NA,NA,0,14.577,50,5.059279,-4.266212,0,0,-77,0,NA,NA,NA,0,NA,1,NA
"643",643,"Liberia",1996,450,0,1,0,1,0,14.64082,50.860001,5.1698179,12.12121,0,0,1,0,8,NA,1,0,3,1,NA
"644",644,"Liberia",1997,450,2,1,0,1,0,14.72393,51.720001,5.75736,106.2798,0,0,1,0,6,NA,1,1,3,1,8
"645",645,"Liberia",1998,450,0,2,0,1,0,14.81019,52.580002,5.8803148,29.700001,0,0,1,0,8,NA,0,0,3,1,6
"646",646,"Liberia",1999,450,1,2,0,1,0,14.88337,53.439999,5.9897461,22.9,0,0,1,0,7,NA,1,0,4,1,8
"647",647,"Liberia",2000,450,0,2,0,1,0,14.9357,54.299999,6.1579051,25.700001,0,0,1,0,8,NA,0,0,3,1,7
"648",648,"Liberia",2001,450,1,2,0,1,0,14.96633,55.060001,6.2112112,2.9000001,0,0,1,0,7,NA,0,0,3,1,8
"649",649,"Liberia",2002,450,1,2,0,1,0,14.98063,55.82,6.245142,3.7,0,0,1,0,7,NA,0,0,3,1,7
"651",651,"Libya",1994,620,1,0,2,0,-7,15.36586,80.519997,NA,NA,0,0,0,0,7,0.118761246330145,0,0,2,0,NA
"652",652,"Libya",1995,620,2,0,2,0,-7,15.38571,81,NA,NA,0,0,0,0,6,0.123740498497437,0,0,2,0,7
"653",653,"Libya",1996,620,1,0,2,1,-7,15.40548,81.419998,NA,NA,0,0,0,0,7,0.131432114073156,0,0,3,0,6
"654",654,"Libya",1997,620,2,0,1,0,-7,15.42523,81.839996,NA,NA,0,0,0,0,6,0.121036016645143,0,0,1,0,7
"655",655,"Libya",1998,620,2,0,1,0,-7,15.44498,82.260002,NA,NA,0,0,0,0,6,0.133380935380221,0,0,1,0,6
"656",656,"Libya",1999,620,3,0,1,0,-7,15.46471,82.68,NA,NA,0,0,0,0,5,0.189500179791442,0,0,1,0,6
"657",657,"Libya",2000,620,4,0,2,0,-7,15.4844,83.099998,9.2432766,1.147146,0,0,0,0,4,0.133557800224467,0,0,2,0,5
"658",658,"Libya",2001,620,1,0,2,1,-7,15.50407,83.440002,NA,4.515542,0,0,0,0,7,0.126211240310078,0,0,3,0,4
"659",659,"Libya",2002,620,3,0,2,0,-7,15.52373,83.779999,NA,3.26,0,0,0,0,5,0.10379824696294,0,0,2,0,7
"660",660,"Libya",2003,620,3,0,2,0,-7,15.54338,84.120003,NA,-2.75,0,0,0,0,5,0.0627045035397704,0,0,2,0,5
"661",661,"Libya",2004,620,4,0,2,0,-7,15.563,84.459999,NA,5,0,0,0,0,4,0.0727141828653708,0,0,2,0,5
"682",682,"Malawi",2001,553,5,2,2,1,4,16.283251,15.52,6.821157,-4.974966,0,0,2,0,3,NA,1,0,6,1,NA
"683",683,"Malawi",2002,553,6,1,2,1,4,16.306231,15.94,6.8324108,2.859206,0,0,2,0,2,NA,1,0,5,1,3
"684",684,"Malawi",2003,553,3,1,2,1,5,16.328239,16.360001,6.8801279,6.070466,0,0,2,0,5,NA,1,0,5,1,2
"686",686,"Malaysia",1994,820,5,0,1,1,4,16.803169,54.439999,8.9745016,9.2120428,0,0,1,0,3,NA,0,0,2,1,NA
"687",687,"Malaysia",1995,820,5,1,1,1,3,16.829201,55.599998,9.0750389,9.8290815,0,0,1,0,3,NA,1,0,4,1,3
"688",688,"Malaysia",1996,820,7,0,1,1,3,16.854879,56.84,9.1710815,10.0027,0,0,1,0,1,NA,1,0,3,1,3
"689",689,"Malaysia",1997,820,5,0,1,0,3,16.880159,58.080002,9.2208939,7.3227429,0,0,1,0,3,NA,1,0,2,1,1
"690",690,"Malaysia",1998,820,5,0,1,1,3,16.90476,59.32,9.1984863,-7.359416,0,0,1,0,3,NA,1,0,3,1,3
"691",691,"Malaysia",1999,820,5,0,1,0,3,16.928391,60.560001,9.2687731,6.13761,0,0,1,0,3,NA,1,0,2,1,3
"692",692,"Malaysia",2000,820,2,0,1,1,3,16.95088,61.799999,9.3418512,8.8588676,0,0,1,0,6,NA,1,0,3,1,3
"693",693,"Malaysia",2001,820,5,0,1,1,3,16.97217,62.900002,9.3482075,0.3182036,0,0,1,0,3,NA,1,0,3,1,6
"694",694,"Malaysia",2002,820,6,0,1,0,3,16.99235,64,9.4103966,4.1476712,0,0,1,0,2,NA,1,0,2,1,3
"695",695,"Malaysia",2003,820,5,0,1,0,3,17.0116,65.099998,9.4968443,5.6857648,0,0,1,0,3,NA,0,0,1,1,2
"696",696,"Malaysia",2004,820,4,1,1,0,3,17.030161,66.199997,NA,7.2336731,0,0,1,0,4,NA,0,0,2,1,3
"708",708,"Mauritania",1994,435,5,1,2,1,-6,14.62224,39.779999,7.101862,-3.0607319,0,0,1,0,3,NA,0,0,4,0,NA
"709",709,"Mauritania",1995,435,5,1,1,1,-6,14.64843,39.799999,7.1583929,9.8198004,0,0,2,0,3,NA,0,0,3,0,3
"710",710,"Mauritania",1996,435,7,1,2,0,-6,14.67519,39.84,7.1836071,5.8188272,0,0,2,0,1,NA,1,0,4,0,3
"711",711,"Mauritania",1997,435,5,1,2,1,-6,14.7025,39.880001,7.2184138,-4.0446968,0,0,2,0,3,NA,1,0,5,0,1
"712",712,"Mauritania",1998,435,6,1,1,1,-6,14.73039,39.919998,7.2232161,2.777936,0,0,2,0,2,NA,0,0,3,0,3
"713",713,"Mauritania",1999,435,5,2,1,0,-6,14.7589,39.959999,7.2791791,6.6703711,0,0,2,0,3,NA,1,0,4,0,2
"714",714,"Mauritania",2000,435,6,1,1,1,-6,14.788,40,7.3274388,1.850329,0,0,2,0,2,NA,0,0,3,0,3
"715",715,"Mauritania",2001,435,6,1,1,0,-6,14.81765,40.080002,7.3363461,2.892355,0,0,2,0,2,NA,0,0,2,0,2
"716",716,"Mauritania",2002,435,6,1,1,1,-6,14.84768,40.16,7.3959441,1.0969909,0,0,2,0,2,NA,1,0,4,0,2
"717",717,"Mauritania",2003,435,4,1,1,1,-6,14.87777,40.240002,7.4299932,5.5941911,0,0,2,0,4,NA,1,0,4,0,2
"718",718,"Mauritania",2004,435,6,1,1,1,-6,14.90755,40.32,NA,5.1786051,0,0,2,0,2,NA,1,0,4,0,4
"730",730,"Mexico",1994,70,1,2,2,0,4,18.310261,73.220001,8.8039179,4.4582582,0,0,2,0,7,NA,1,0,5,1,NA
"731",731,"Mexico",1995,70,2,2,2,0,4,18.327959,73.400002,8.7391729,-6.2179871,0,2,2,1,6,NA,2,1,6,1,7
"732",732,"Mexico",1996,70,1,2,2,0,4,18.343479,73.660004,8.7820091,5.1398282,2,1,2,1,7,NA,2,1,6,1,6
"756",756,"Morocco",1994,600,4,0,0,0,-7,17.073469,51.200001,8.1339798,10.35805,0,0,0,0,4,NA,1,0,1,0,NA
"757",757,"Morocco",1995,600,4,0,0,0,-7,17.090191,51.900002,8.0835485,-6.579443,0,0,1,0,4,NA,1,0,1,0,4
"758",758,"Morocco",1996,600,3,1,1,0,-7,17.106279,52.540001,8.1993341,12.21688,0,0,1,0,5,NA,0,0,2,0,4
"759",759,"Morocco",1997,600,3,0,1,1,-7,17.12174,53.18,8.1661243,-2.227711,0,0,1,0,5,NA,0,0,2,0,5
"760",760,"Morocco",1998,600,6,0,1,1,-6,17.13656,53.82,8.216754,7.6748142,0,0,1,0,2,NA,1,0,3,0,5
"761",761,"Morocco",1999,600,4,1,1,0,-6,17.150721,54.459999,8.2070942,-0.079780601,0,1,1,1,4,NA,1,0,3,0,2
"762",762,"Morocco",2000,600,4,0,1,0,-6,17.164209,55.099998,8.2214918,0.95657903,1,0,1,0,4,0.257937244881896,1,0,2,0,4
"763",763,"Morocco",2001,600,5,0,2,0,-6,17.177031,55.82,8.2987528,6.2968769,0,0,1,0,3,0.261226828426141,1,0,3,0,4
"764",764,"Morocco",2002,600,4,0,2,1,-6,17.189159,56.540001,8.3357153,3.190146,0,0,1,0,4,0.261101462323735,1,1,4,0,3
"765",765,"Morocco",2003,600,4,1,2,1,-6,17.20059,57.259998,8.38412,5.521616,0,0,1,0,4,0.253728013047613,1,0,5,0,4
"766",766,"Morocco",2004,600,4,1,2,1,-6,17.211321,57.98,NA,4.2443519,0,0,1,0,4,0.259530982063832,0,0,4,0,4
"783",783,"Nepal",1994,790,6,1,2,1,5,16.86689,10.5,7.0284219,8.5631247,1,0,1,0,2,NA,1,0,5,1,NA
"784",784,"Nepal",1995,790,5,2,2,1,5,16.892,10.9,7.075212,3.3040171,0,0,2,0,3,NA,1,0,6,1,2
"785",785,"Nepal",1996,790,6,1,2,1,5,16.916771,11.4,7.1156492,5.337719,0,0,2,0,2,NA,1,1,5,1,3
"786",786,"Nepal",1997,790,3,1,2,1,5,16.941219,11.9,7.1502428,5.2608562,0,0,2,0,5,NA,1,0,5,1,2
"787",787,"Nepal",1998,790,1,1,2,1,5,16.96521,12.4,7.1580238,2.942544,0,0,2,0,7,NA,1,0,5,1,5
"791",791,"Nepal",2002,790,0,1,2,1,-6,17.05479,14.36,7.3111711,-0.5958854,0,1,1,1,8,NA,1,0,5,0,7
"792",792,"Nepal",2003,790,1,1,2,1,-6,17.07564,14.84,7.3376989,3.3838069,1,0,2,0,7,NA,0,1,4,0,8
"793",793,"Nepal",2004,790,0,1,2,1,-6,17.09609,15.32,NA,3.7102981,0,1,2,1,8,NA,1,0,5,0,7
"807",807,"Niger",1996,436,6,0,0,1,-6,16.144541,15.88,6.6065369,3.4190929,0,0,1,0,2,NA,1,0,2,0,NA
"808",808,"Niger",1997,436,4,1,0,1,-6,16.178659,15.96,6.6593552,2.7539661,0,0,1,0,4,NA,1,0,3,0,2
"809",809,"Niger",1998,436,4,1,0,1,-6,16.213131,16.040001,6.724719,10.42226,0,0,1,0,4,NA,0,0,2,0,4
"810",810,"Niger",1999,436,6,1,1,1,4,16.24769,16.120001,6.7316718,-0.56875831,0,0,1,0,2,NA,1,0,4,1,4
"811",811,"Niger",2000,436,6,1,1,2,4,16.28212,16.200001,6.6938872,-1.4095089,0,0,2,0,2,NA,1,0,5,1,2
"812",812,"Niger",2001,436,7,1,1,2,4,16.316389,16.32,6.7438869,7.104341,0,0,2,0,1,NA,1,0,5,1,2
"813",813,"Niger",2002,436,7,1,1,1,4,16.350519,16.440001,6.7588549,2.9991219,0,0,2,0,1,NA,1,0,4,1,1
"814",814,"Niger",2003,436,6,1,1,1,4,16.384451,16.559999,6.78298,4.4000001,0,0,2,0,2,NA,1,0,4,1,1
"815",815,"Niger",2004,436,6,1,1,1,4,16.41811,16.68,6.7604942,-0.59995693,0,0,2,0,2,NA,1,0,4,1,2
"816",816,"Nigeria",1994,475,2,0,0,0,-7,18.47884,38.599998,6.8469682,0.1,2,2,0,1,6,0.0307457455782321,1,0,1,0,NA
"817",817,"Nigeria",1995,475,4,0,1,0,-6,18.50695,39.5,6.7724748,2.5,2,0,0,0,4,0.0717148826627236,0,0,1,0,6
"818",818,"Nigeria",1996,475,3,0,0,0,-6,18.534719,40.380001,6.8929701,4.3000002,0,0,0,0,5,0.0657648196028031,0,1,0,0,4
"819",819,"Nigeria",1997,475,2,0,0,0,-6,18.56212,41.259998,6.904778,2.7,0,0,0,0,6,0.0638915216576545,0,1,0,0,5
"820",820,"Nigeria",1998,475,4,0,0,1,-1,18.58914,42.139999,6.9098468,1.879439,0,0,0,0,4,0.038183347533989,0,0,1,1,6
"821",821,"Nigeria",1999,475,2,1,1,0,4,18.61577,43.02,6.9432721,1.100377,0,3,0,1,6,0.0458719416538763,1,0,3,1,4
"822",822,"Nigeria",2000,475,1,1,0,1,4,18.642,43.900002,6.9790802,5.4000001,3,3,0,1,7,0.0457994671098815,1,0,3,1,6
"823",823,"Nigeria",2001,475,2,1,0,1,4,18.667839,44.759998,6.99616,3.0999999,3,4,0,1,6,0.0596297679583169,1,0,3,1,7
"824",824,"Nigeria",2002,475,3,1,0,0,4,18.69327,45.619999,7.0287738,1.548923,4,3,0,1,5,0.0509029404832384,1,1,2,1,6
"825",825,"Nigeria",2003,475,2,1,1,0,4,18.71826,46.48,7.1665282,10.69472,3,4,0,1,6,0.0517802462102375,0,1,2,1,5
"826",826,"Nigeria",2004,475,1,1,1,0,4,18.742769,47.34,7.1797719,6.1001911,4,5,2,1,7,0.0443857113454854,1,1,3,1,6
"827",827,"Oman",1994,698,5,0,0,0,-9,14.56362,70.440002,9.316803,3.8757751,0,0,0,0,3,NA,0,0,0,0,NA
"828",828,"Oman",1995,698,6,0,0,0,-9,14.59358,71.699997,9.3911343,4.996819,0,0,0,0,2,NA,1,0,1,0,3
"829",829,"Oman",1996,698,7,0,0,0,-9,14.62166,71.68,9.4823713,3.0459399,0,0,0,0,1,NA,0,0,0,0,2
"830",830,"Oman",1997,698,7,0,0,0,-9,14.64798,71.660004,9.4950447,6.0335131,0,0,0,0,1,NA,0,0,0,0,1
"831",831,"Oman",1998,698,7,0,0,0,-9,14.67176,71.639999,9.3553429,2.642338,0,0,0,0,1,NA,0,0,0,0,1
"832",832,"Oman",1999,698,7,0,0,0,-9,14.69201,71.620003,9.4733362,-0.1248067,0,0,0,0,1,NA,0,0,0,0,1
"833",833,"Oman",2000,698,6,0,0,0,-9,14.70833,71.599998,9.6923456,5.4013729,0,0,0,0,2,NA,0,0,0,0,1
"834",834,"Oman",2001,698,8,0,0,0,-9,14.72031,71.580002,9.6209145,7.4338188,0,0,0,0,0,NA,0,0,0,0,2
"835",835,"Oman",2002,698,8,0,0,0,-8,14.72881,71.559998,9.6599283,1.833215,0,0,0,0,0,NA,0,0,0,0,0
"836",836,"Oman",2003,698,8,1,0,0,-8,14.73612,71.540001,9.7114,1.297088,0,0,1,0,0,NA,0,0,1,0,0
"837",837,"Oman",2004,698,8,1,0,0,-8,14.74525,71.519997,NA,3.12622,0,0,2,0,0,NA,0,0,1,0,0
"843",843,"Pakistan",1999,770,2,1,1,0,-6,18.719231,32.84,7.8053198,3.6601329,1,0,1,0,6,NA,1,0,3,0,NA
"844",844,"Pakistan",2000,770,1,1,1,1,-6,18.74334,33.099998,7.8148561,4.260088,0,1,1,1,7,NA,2,0,5,0,6
"845",845,"Pakistan",2001,770,1,0,1,0,-6,18.76746,33.459999,7.8156919,1.9824311,1,1,1,1,7,NA,2,1,3,0,7
"846",846,"Pakistan",2002,770,2,0,1,0,-5,18.791571,33.82,7.8570042,3.2244301,1,0,1,0,6,NA,1,0,2,1,7
"847",847,"Pakistan",2003,770,1,1,1,0,-5,18.81568,34.18,7.8935399,4.8513608,0,0,1,0,7,NA,0,1,2,1,6
"848",848,"Pakistan",2004,770,1,1,1,0,-5,18.83979,34.540001,7.9439492,7.3627949,0,0,1,0,7,NA,1,1,3,1,7
"882",882,"Peru",1994,135,1,1,2,0,1,16.969139,70.18,8.1737633,12.82164,2,1,2,1,7,NA,1,1,4,1,NA
"883",883,"Peru",1995,135,3,1,2,0,1,16.98674,70.5,8.259779,8.6089125,1,0,2,0,5,NA,1,1,4,1,7
"884",884,"Peru",1996,135,1,2,2,1,1,17.00429,70.720001,8.277935,2.5182209,0,1,2,1,7,NA,1,1,6,1,5
"885",885,"Peru",1997,135,4,2,2,1,1,17.0217,70.940002,8.3405113,6.8640609,1,0,2,0,4,NA,1,1,6,1,7
"886",886,"Peru",1998,135,4,2,1,1,1,17.03886,71.160004,8.3089523,-0.65795112,0,0,2,0,4,NA,1,1,5,1,4
"887",887,"Peru",1999,135,2,1,1,1,1,17.05559,71.379997,8.3092184,0.91413099,0,1,2,1,6,NA,1,1,4,1,4
"915",915,"Qatar",1996,694,NA,NA,2,NA,-10,13.19223,94.260002,9.8411922,NA,0,0,2,0,NA,NA,NA,0,NA,0,NA
"916",916,"Qatar",1997,694,NA,NA,2,NA,-10,13.21195,94.419998,9.9946156,NA,0,0,2,0,NA,NA,NA,0,NA,0,NA
"917",917,"Qatar",1998,694,NA,NA,2,NA,-10,13.23608,94.580002,9.8804474,NA,0,0,2,0,NA,NA,NA,0,NA,0,NA
"918",918,"Qatar",1999,694,NA,NA,2,NA,-10,13.26975,94.739998,10.06448,NA,0,0,2,0,NA,NA,NA,0,NA,0,NA
"919",919,"Qatar",2000,694,NA,NA,2,NA,-10,13.31519,94.900002,10.3816,NA,0,0,2,0,NA,NA,NA,0,NA,0,NA
"920",920,"Qatar",2001,694,7,0,2,0,-10,13.37306,95,10.37784,NA,0,0,2,0,1,NA,0,0,2,0,NA
"921",921,"Qatar",2002,694,NA,NA,2,NA,-10,13.43905,95.099998,10.35078,7.1334591,0,0,2,0,NA,NA,NA,0,NA,0,1
"922",922,"Qatar",2003,694,8,0,2,0,-10,13.50522,95.199997,10.22791,3.490072,0,0,2,0,0,NA,1,0,3,0,NA
"923",923,"Qatar",2004,694,8,0,2,0,-10,13.56311,95.300003,NA,20.843161,0,0,2,0,0,NA,1,0,3,0,0
"924",924,"Romania",1994,360,6,1,2,1,5,16.93924,54.779999,8.3823318,3.9702311,6,2,2,1,2,0.318215615615616,1,1,5,1,NA
"925",925,"Romania",1995,360,6,2,2,1,5,16.93704,54.900002,8.4542418,7.159904,2,2,2,1,2,0.339577289680895,1,1,6,1,2
"935",935,"Russia",1994,365,5,2,0,1,4,18.814989,73.400002,8.9625893,-12.56976,2,3,NA,1,3,NA,1,0,4,1,NA
"936",936,"Russia",1995,365,1,2,0,1,4,18.813669,73.400002,8.9111509,-4.143528,3,4,NA,1,7,NA,1,0,4,1,3
"937",937,"Russia",1996,365,3,2,0,1,4,18.810961,73.400002,8.8519659,-3.5999999,4,4,NA,1,5,NA,1,1,4,1,7
"938",938,"Russia",1997,365,3,2,0,1,4,18.80801,73.400002,8.900816,1.4,4,7,NA,1,5,NA,1,1,4,1,5
"939",939,"Russia",1998,365,3,2,0,1,4,18.80526,73.400002,8.8565664,-5.3000002,7,5,NA,1,5,NA,1,1,4,1,5
"940",940,"Russia",1999,365,3,1,0,1,4,18.801229,73.400002,8.9393291,6.4000001,5,0,NA,0,5,NA,1,1,3,1,5
"946",946,"Rwanda",1994,517,0,0,1,2,-6,15.52575,7.7199998,6.3850832,-50.24807,0,0,1,0,8,NA,1,0,4,0,NA
"947",947,"Rwanda",1995,517,0,1,0,2,-6,15.50912,8.3000002,6.7114201,35.224079,0,0,1,0,8,NA,1,0,4,0,8
"948",948,"Rwanda",1996,517,1,1,2,1,-6,15.55137,9.3999996,6.8050308,12.7457,0,0,1,0,7,0.106196994836773,0,0,4,0,8
"949",949,"Rwanda",1997,517,0,1,2,1,-6,15.63683,10.5,6.8184452,13.84975,0,0,2,0,8,0.108641424062503,1,0,5,0,7
"950",950,"Rwanda",1998,517,2,1,2,1,-6,15.73898,11.6,6.9035959,8.8586693,0,0,2,0,6,0.113379397132615,0,0,4,0,8
"951",951,"Rwanda",1999,517,3,1,0,1,-6,15.83041,12.7,6.917222,7.5810971,0,0,1,0,5,0.113797337561779,0,0,2,0,6
"952",952,"Rwanda",2000,517,2,1,0,2,-4,15.89801,13.8,6.9256639,5.9729519,0,0,1,0,6,0.106637459763314,1,0,4,1,5
"953",953,"Rwanda",2001,517,3,1,0,1,-4,15.94172,14.9,6.9929819,6.7198339,0,0,1,0,5,0.121524023584906,0,0,2,1,6
"954",954,"Rwanda",2002,517,3,1,1,0,-4,15.96889,16,7.1047549,9.3834066,0,0,1,0,5,0.132553887076537,0,0,2,1,5
"955",955,"Rwanda",2003,517,2,0,1,0,-3,15.98544,17.1,7.1529651,0.94823653,0,0,2,0,6,0.12977237713998,0,0,1,1,5
"956",956,"Rwanda",2004,517,2,1,0,0,-3,15.99958,18.200001,NA,3.95033,0,0,1,0,6,0.130939231509121,0,0,1,1,6
"957",957,"Saudi Arabia",1994,670,4,0,0,0,-10,16.70726,78.279999,9.5256567,0.66555732,0,0,0,0,4,NA,0,0,0,0,NA
"958",958,"Saudi Arabia",1995,670,4,0,0,0,-10,16.733749,78.699997,9.5056496,0.2009134,0,0,0,0,4,NA,0,0,0,0,4
"959",959,"Saudi Arabia",1996,670,3,0,0,0,-10,16.75881,78.919998,9.543046,3.3838201,0,0,0,0,5,NA,0,0,0,0,4
"960",960,"Saudi Arabia",1997,670,4,0,0,0,-10,16.78307,79.139999,9.567709,2.5926621,0,0,0,0,4,NA,0,0,0,0,5
"961",961,"Saudi Arabia",1998,670,5,0,0,0,-10,16.806789,79.360001,9.4169464,2.8345649,0,0,0,0,3,NA,0,0,0,0,4
"962",962,"Saudi Arabia",1999,670,5,0,0,0,-10,16.821091,79.580002,9.4995451,-0.74851048,0,0,0,0,3,NA,1,0,1,0,3
"963",963,"Saudi Arabia",2000,670,5,0,0,0,-10,16.84374,79.800003,9.6694422,4.864573,0,0,0,0,3,NA,1,0,1,0,3
"964",964,"Saudi Arabia",2001,670,5,0,0,0,-10,16.86586,80.040001,9.6310568,0.5474388,0,0,0,0,3,NA,1,0,1,0,3
"965",965,"Saudi Arabia",2002,670,5,0,0,0,-10,16.887699,80.279999,9.6488142,0.1280515,0,0,0,0,3,NA,1,0,1,0,3
"966",966,"Saudi Arabia",2003,670,5,0,0,0,-10,16.909019,80.519997,9.5794678,7.65908,0,0,0,0,3,NA,0,0,0,0,3
"967",967,"Saudi Arabia",2004,670,4,0,0,0,-10,16.93033,80.760002,NA,5.2669172,0,0,0,0,4,NA,0,0,0,0,3
"968",968,"Senegal",1994,433,2,0,2,2,-1,16.00001,39.639999,7.242116,2.8716159,0,0,2,0,6,NA,1,0,5,1,NA
"969",969,"Senegal",1995,433,2,2,2,2,-1,16.02593,39.799999,7.2396879,5.162219,0,0,1,0,6,NA,1,0,7,1,6
"970",970,"Senegal",1996,433,4,2,2,1,-1,16.05163,39.959999,7.2731771,5.141089,0,0,1,0,4,NA,1,0,6,1,6
"971",971,"Senegal",1997,433,2,1,2,2,-1,16.07707,40.119999,7.2922978,3.3338239,0,0,1,0,6,0.153103507262766,1,0,6,1,4
"972",972,"Senegal",1998,433,1,1,2,1,-1,16.102249,40.279999,7.3179421,4.4545312,0,0,1,0,7,0.161157295156017,1,0,5,1,6
"973",973,"Senegal",1999,433,2,1,1,1,-1,16.127171,40.439999,7.3345442,6.1601219,0,1,1,1,6,0.166345824713689,1,0,4,1,7
"990",990,"Sierra Leone",1994,451,0,0,0,2,-7,15.23204,32.82,6.6650891,-1.95,0,0,1,0,8,NA,1,0,3,0,NA
"991",991,"Sierra Leone",1995,451,0,1,1,2,-7,15.23542,33.5,6.7794862,-7.9980001,0,0,1,0,8,NA,1,0,5,0,8
"992",992,"Sierra Leone",1996,451,3,2,1,2,4,15.24266,34.200001,6.8258672,5,0,0,1,0,5,NA,1,0,6,1,8
"993",993,"Sierra Leone",1997,451,NA,NA,NA,NA,0,15.25336,34.900002,6.556798,-17.6,0,0,-77,0,NA,NA,NA,0,NA,1,5
"994",994,"Sierra Leone",1998,451,NA,NA,NA,NA,0,15.26914,35.599998,6.5357862,-0.80000001,0,0,-77,0,NA,NA,NA,0,NA,1,NA
"995",995,"Sierra Leone",1999,451,NA,NA,NA,NA,0,15.2917,36.299999,6.4529672,-8.1000004,0,0,-77,0,NA,NA,NA,0,NA,1,NA
"996",996,"Sierra Leone",2000,451,NA,NA,NA,NA,0,15.32158,37,6.5275631,3.8,0,0,-77,0,NA,NA,NA,0,NA,1,NA
"997",997,"Sierra Leone",2001,451,4,1,1,2,2,15.35937,37.740002,6.3925819,18.200001,0,0,1,0,4,NA,2,0,6,1,NA
"998",998,"Sierra Leone",2002,451,8,2,1,2,5,15.4032,38.48,6.4266601,27.4,0,0,2,0,0,NA,1,0,6,1,4
"999",999,"Sierra Leone",2003,451,5,2,1,1,5,15.4485,39.220001,6.4464798,9.1999998,0,0,2,0,3,NA,1,0,5,1,0
"1000",1000,"Sierra Leone",2004,451,6,2,1,1,5,15.49007,39.959999,NA,7.4000001,0,0,1,0,2,NA,1,0,5,1,3
"1001",1001,"Singapore",1994,830,7,0,0,1,-2,15.04544,100,10.02355,11.56712,0,0,1,0,1,0.259548487860287,1,0,2,1,NA
"1002",1002,"Singapore",1995,830,6,0,0,1,-2,15.07568,100,10.10604,8.1548376,0,0,1,0,2,0.25582179409994,1,0,2,1,1
"1003",1003,"Singapore",1996,830,5,0,1,1,-2,15.1157,100,10.15799,7.790338,0,0,1,0,3,0.279086876236859,1,0,3,1,2
"1004",1004,"Singapore",1997,830,5,0,1,2,-2,15.14893,100,10.21999,8.340971,0,0,1,0,3,0.268167881444824,1,0,4,1,3
"1005",1005,"Singapore",1998,830,7,0,1,2,-2,15.18237,100,10.13708,-1.3769259,0,1,1,1,1,0.269185722253207,1,0,4,1,3
"1006",1006,"Singapore",1999,830,6,0,1,2,-2,15.18973,100,10.15465,7.202342,1,0,1,0,2,0.275760683760684,1,0,4,1,1
"1007",1007,"Singapore",2000,830,6,0,1,1,-2,15.20622,100,10.2899,10.06033,0,0,1,0,2,0.257459840937428,1,0,3,1,2
"1008",1008,"Singapore",2001,830,7,1,1,1,-2,15.23408,100,10.21564,-2.398705,0,0,1,0,1,0.244871041544251,1,1,4,1,2
"1009",1009,"Singapore",2002,830,7,0,1,0,-2,15.24374,100,10.2314,4.1570759,0,0,1,0,1,0.213205369616716,1,0,2,1,1
"1010",1010,"Singapore",2003,830,8,1,1,0,-2,15.24706,100,10.2329,3.112592,0,0,1,0,0,0.195543089777273,0,0,2,1,1
"1011",1011,"Singapore",2004,830,7,1,1,0,-2,15.26014,100,10.36436,8.8044538,0,0,1,0,1,0.189210474502855,0,0,2,1,0
"1016",1016,"Somalia",1995,520,NA,NA,NA,NA,0,15.65791,31.4,6.5398431,NA,0,0,-77,0,NA,NA,NA,0,NA,1,NA
"1017",1017,"Somalia",1996,520,NA,NA,NA,NA,0,15.66541,31.780001,6.5662928,NA,0,0,-77,0,NA,NA,NA,0,NA,1,NA
"1018",1018,"Somalia",1997,520,NA,NA,NA,NA,0,15.68214,32.16,6.5251279,NA,0,0,-77,0,NA,NA,NA,0,NA,1,NA
"1019",1019,"Somalia",1998,520,NA,NA,NA,NA,0,15.706,32.540001,6.5236549,NA,0,0,-77,0,NA,NA,NA,0,NA,1,NA
"1020",1020,"Somalia",1999,520,NA,NA,NA,NA,0,15.73376,32.919998,6.5022659,NA,0,0,-77,0,NA,NA,NA,0,NA,1,NA
"1021",1021,"Somalia",2000,520,NA,NA,NA,NA,0,15.76308,33.299999,6.5244908,NA,0,0,-77,0,NA,NA,NA,0,NA,1,NA
"1022",1022,"Somalia",2001,520,NA,NA,NA,NA,0,15.7935,33.68,6.5454798,NA,0,0,-77,0,NA,NA,NA,0,NA,1,NA
"1034",1034,"Soviet Union",1994,365,NA,NA,NA,NA,4,18.814989,73.400002,8.9625893,-12.56976,2,3,NA,1,NA,NA,NA,0,NA,1,NA
"1035",1035,"Soviet Union",1995,365,NA,NA,NA,NA,4,18.813669,73.400002,8.9111509,-4.143528,3,4,NA,1,NA,NA,NA,0,NA,1,NA
"1036",1036,"Soviet Union",1996,365,NA,NA,NA,NA,4,18.810961,73.400002,8.8519659,-3.5999999,4,4,NA,1,NA,NA,NA,1,NA,1,NA
"1037",1037,"Soviet Union",1997,365,NA,NA,NA,NA,4,18.80801,73.400002,8.900816,1.4,4,7,NA,1,NA,NA,NA,1,NA,1,NA
"1038",1038,"Soviet Union",1998,365,NA,NA,NA,NA,4,18.80526,73.400002,8.8565664,-5.3000002,7,5,NA,1,NA,NA,NA,1,NA,1,NA
"1039",1039,"Soviet Union",1999,365,NA,NA,NA,NA,4,18.801229,73.400002,8.9393291,6.4000001,5,0,NA,0,NA,NA,NA,1,NA,1,NA
"1045",1045,"Sri Lanka",1994,780,2,2,1,2,5,16.69981,16.559999,7.9691849,5.5999999,0,0,2,0,6,NA,1,0,6,1,NA
"1046",1046,"Sri Lanka",1995,780,0,2,2,2,5,16.713409,16.4,8.0453873,5.5,0,1,2,1,8,NA,1,0,7,1,6
"1047",1047,"Sri Lanka",1996,780,0,1,2,1,5,16.72438,16.26,8.1049023,3.8,1,0,1,0,8,NA,1,0,5,1,8
"1048",1048,"Sri Lanka",1997,780,1,2,1,2,5,16.7369,16.120001,8.1746941,6.4015369,0,1,2,1,7,NA,1,0,6,1,8
"1049",1049,"Sri Lanka",1998,780,1,1,0,1,5,16.74798,15.98,8.2609243,4.6983972,1,1,1,1,7,NA,1,1,3,1,7
"1050",1050,"Sri Lanka",1999,780,2,2,0,1,5,16.762211,15.84,8.2670774,4.3005719,1,0,1,0,6,NA,0,0,3,1,7
"1051",1051,"Sri Lanka",2000,780,0,2,0,2,5,16.778669,15.7,8.3056393,6,0,0,2,0,8,NA,0,1,4,1,6
"1054",1054,"Sri Lanka",2003,780,4,1,1,2,5,16.77318,15.34,8.5067339,6.0198479,0,0,2,0,4,NA,1,0,5,1,8
"1055",1055,"Sri Lanka",2004,780,5,0,0,1,5,16.78397,15.22,NA,5.447351,0,0,1,0,3,NA,1,0,2,1,4
"1056",1056,"Sudan",1994,625,2,0,0,0,-7,17.1709,30.360001,6.893384,1.00623,0,0,0,0,6,NA,0,0,0,0,NA
"1057",1057,"Sudan",1995,625,2,0,0,0,-7,17.19487,31.299999,6.9434018,5.9970942,0,0,0,0,6,NA,0,0,0,0,6
"1058",1058,"Sudan",1996,625,0,0,0,0,-7,17.218651,32.259998,6.916666,5.9191322,0,0,0,0,8,NA,0,1,0,0,6
"1059",1059,"Sudan",1997,625,0,0,1,0,-7,17.2423,33.220001,6.9754448,6.3369398,0,0,0,0,8,NA,0,0,1,0,8
"1060",1060,"Sudan",1998,625,0,0,1,0,-7,17.26548,34.18,6.9711719,6.4426308,0,0,0,0,8,NA,0,0,1,0,8
"1061",1061,"Sudan",1999,625,0,0,1,0,-7,17.2878,35.139999,6.8665729,6.3395648,0,0,0,0,8,NA,0,0,1,0,8
"1062",1062,"Sudan",2000,625,0,0,0,0,-7,17.309059,36.099998,6.9543648,6.4999981,0,0,0,0,8,NA,0,0,0,0,8
"1063",1063,"Sudan",2001,625,0,0,0,0,-7,17.32909,37.040001,7.020328,6.0999999,0,0,0,0,8,NA,0,0,0,0,8
"1064",1064,"Sudan",2002,625,0,0,0,0,-6,17.34812,37.98,7.0646791,6.4000001,0,0,0,0,8,NA,0,0,0,0,8
"1065",1065,"Sudan",2003,625,0,0,0,0,-6,17.36673,38.919998,7.134459,5.5999999,0,0,0,0,8,NA,0,0,0,0,8
"1066",1066,"Sudan",2004,625,2,0,0,0,-6,17.385691,39.860001,NA,5.1999998,0,0,0,0,6,NA,0,0,0,0,8
"1067",1067,"Swaziland",1994,572,7,0,2,1,-9,13.679,22.98,8.6190052,3.3499639,0,0,0,0,1,NA,0,0,3,0,NA
"1068",1068,"Swaziland",1995,572,5,0,2,0,-9,13.71015,23,8.6299505,3.7588551,0,0,0,0,3,NA,0,0,2,0,1
"1069",1069,"Swaziland",1996,572,5,0,2,0,-9,13.74185,23.059999,8.5988998,3.934628,0,0,0,0,3,NA,0,0,2,0,3
"1070",1070,"Swaziland",1997,572,4,0,2,0,-9,13.77443,23.120001,8.7049618,3.8281939,0,1,0,1,4,NA,1,0,3,0,3
"1071",1071,"Swaziland",1998,572,6,0,2,0,-9,13.80599,23.18,8.7073097,3.2534161,1,0,0,0,2,NA,0,0,2,0,4
"1072",1072,"Swaziland",1999,572,6,0,2,0,-9,13.83486,23.24,9.0024233,3.5141211,0,0,0,0,2,NA,0,0,2,0,2
"1073",1073,"Swaziland",2000,572,5,0,2,0,-9,13.85953,23.299999,9.0498228,2.0383871,0,1,0,1,3,NA,0,1,2,0,2
"1074",1074,"Swaziland",2001,572,7,0,2,0,-9,13.88125,23.459999,9.128623,1.610407,1,0,0,0,1,NA,1,0,3,0,3
"1075",1075,"Syria",1994,652,4,0,1,0,-9,16.480459,49.619999,7.3344378,7.6529369,0,0,0,0,4,NA,0,0,1,0,NA
"1076",1076,"Syria",1995,652,5,0,2,0,-9,16.507071,49.799999,7.4383249,5.7500148,0,0,0,0,3,NA,0,0,2,0,4
"1077",1077,"Syria",1996,652,3,0,1,0,-9,16.53359,49.860001,7.476253,4.4000001,0,0,0,0,5,NA,0,0,1,0,3
"1078",1078,"Syria",1997,652,3,0,2,0,-9,16.559931,49.919998,7.5155239,1.8,0,0,0,0,5,NA,0,0,2,0,5
"1079",1079,"Syria",1998,652,3,0,1,0,-9,16.58609,49.98,7.5533571,6.3372641,0,0,0,0,5,NA,0,0,1,0,5
"1080",1080,"Syria",1999,652,3,0,2,0,-9,16.612009,50.040001,7.5120149,-3.5536571,0,0,0,0,5,NA,0,0,2,0,5
"1081",1081,"Syria",2000,652,2,0,1,0,-7,16.63765,50.099998,7.601346,2.742857,0,0,0,0,6,NA,0,0,1,0,5
"1082",1082,"Syria",2001,652,4,0,2,0,-7,16.663019,50.200001,7.591495,5.200943,0,0,0,0,4,NA,0,0,2,0,6
"1083",1083,"Syria",2002,652,4,0,1,0,-7,16.688129,50.299999,7.63936,3.955878,0,0,0,0,4,NA,0,0,1,0,4
"1084",1084,"Syria",2003,652,3,0,1,0,-7,16.713011,50.400002,7.6975312,1.6395071,0,0,0,0,5,NA,0,0,1,0,4
"1085",1085,"Syria",2004,652,3,1,0,0,-7,16.737711,50.5,NA,4.9299049,0,0,0,0,5,NA,0,0,1,0,5
"1097",1097,"Tajikistan",2002,702,3,0,1,1,-1,15.65888,25.42,7.5661778,9.1000004,0,0,1,0,5,NA,1,0,3,1,NA
"1098",1098,"Tajikistan",2003,702,5,1,1,1,-3,15.67035,25.18,7.6403999,10.2,0,0,1,0,3,NA,0,0,3,1,5
"1099",1099,"Tajikistan",2004,702,5,1,1,1,-3,15.68228,24.940001,NA,10.6,0,0,1,0,3,NA,0,0,3,1,3
"1100",1100,"Tanzania",1994,510,6,1,0,0,-6,17.184271,20.18,6.0605278,1.567662,0,0,0,0,2,NA,1,0,2,0,NA
"1101",1101,"Tanzania",1995,510,5,1,0,0,-1,17.21344,20.5,6.1891208,3.569912,0,0,1,0,3,NA,1,0,2,1,2
"1102",1102,"Tanzania",1996,510,5,1,0,0,-1,17.24028,20.860001,6.2482591,4.5443668,0,0,1,0,3,NA,1,0,2,1,3
"1103",1103,"Tanzania",1997,510,4,0,0,1,-1,17.265249,21.219999,6.5715232,3.5252781,0,0,1,0,4,NA,0,0,1,1,3
"1104",1104,"Tanzania",1998,510,5,0,0,0,-1,17.289141,21.58,6.6136422,3.7085121,0,0,1,0,3,NA,1,0,1,1,4
"1105",1105,"Tanzania",1999,510,4,1,0,0,-1,17.312969,21.940001,6.6646791,3.5299599,0,0,1,0,4,NA,1,0,2,1,3
"1106",1106,"Tanzania",2000,510,3,1,1,0,2,17.33741,22.299999,6.7052259,5.0994749,0,0,0,0,5,NA,0,0,2,1,4
"1107",1107,"Tanzania",2001,510,3,1,1,0,2,17.3626,22.68,6.757935,6.2425399,0,0,1,0,5,NA,1,0,3,1,5
"1108",1108,"Tanzania",2002,510,7,0,1,0,2,17.388281,23.059999,6.867382,7.2411318,0,0,0,0,1,NA,1,0,2,1,5
"1109",1109,"Tanzania",2003,510,5,0,1,0,2,17.414221,23.440001,6.8987131,5.667779,0,0,0,0,3,NA,1,0,2,1,1
"1110",1110,"Tanzania",2004,510,3,1,1,0,2,17.440069,23.82,NA,6.731658,0,0,1,0,5,NA,0,0,2,1,3
"1122",1122,"Togo",1994,461,1,0,2,0,-2,15.29302,32.66,6.6987028,14.98241,0,0,1,0,7,NA,1,0,3,1,NA
"1123",1123,"Togo",1995,461,5,1,1,0,-2,15.32229,33.299999,6.641592,7.8458319,0,0,0,0,3,NA,1,0,3,1,7
"1124",1124,"Togo",1996,461,5,1,0,0,-2,15.35519,33.959999,6.743865,8.8362141,0,0,1,0,3,NA,0,0,1,1,3
"1125",1125,"Togo",1997,461,3,1,0,1,-2,15.39073,34.619999,6.7869358,14.37737,0,0,1,0,5,NA,1,0,3,1,3
"1126",1126,"Togo",1998,461,4,0,0,1,-2,15.42718,35.279999,6.8335738,-2.299875,0,0,0,0,4,NA,0,0,1,1,5
"1127",1127,"Togo",1999,461,4,1,0,1,-2,15.46243,35.939999,6.7404709,2.4817519,0,0,0,0,4,NA,0,0,2,1,4
"1128",1128,"Togo",2000,461,5,0,0,2,-2,15.49517,36.599998,6.7131581,-0.78347582,0,0,1,0,3,NA,0,0,2,1,4
"1129",1129,"Togo",2001,461,5,0,0,1,-2,15.52519,37.299999,6.6916151,-0.1794688,0,0,0,0,3,NA,0,0,1,1,3
"1130",1130,"Togo",2002,461,5,0,0,1,-2,15.55308,38,6.6422019,4.1352029,0,0,0,0,3,NA,0,0,1,1,3
"1131",1131,"Togo",2003,461,5,1,0,1,-2,15.5795,38.700001,6.739831,2.7,0,0,1,0,3,NA,0,0,2,1,3
"1132",1132,"Togo",2004,461,4,1,0,1,-2,15.60533,39.400002,6.730134,3,0,0,1,0,4,NA,0,0,2,1,3
"1143",1143,"Tunisia",1994,616,4,0,2,1,-3,15.99201,61.119999,8.5577059,3.178411,0,0,1,0,4,0.264015305235086,0,0,3,1,NA
"1144",1144,"Tunisia",1995,616,4,1,2,0,-3,16.007999,61.5,8.5844431,2.35167,0,0,1,0,4,0.255218420486335,0,0,3,1,4
"1145",1145,"Tunisia",1996,616,6,1,2,1,-3,16.02261,61.880001,8.6620779,7.14608,0,0,1,0,2,0.262103586426606,1,0,5,1,4
"1146",1146,"Tunisia",1997,616,3,1,2,2,-3,16.036341,62.259998,8.6950302,5.4409428,0,0,1,0,5,0.248169456066946,0,0,5,1,2
"1147",1147,"Tunisia",1998,616,4,1,1,1,-3,16.049101,62.639999,8.7318153,4.783762,0,0,1,0,4,0.253544385371355,0,0,3,1,5
"1148",1148,"Tunisia",1999,616,6,1,1,1,-3,16.062149,63.02,8.7980423,6.053988,0,0,1,0,2,0.254813345091123,1,0,4,1,4
"1149",1149,"Tunisia",2000,616,3,0,1,2,-3,16.07346,63.400002,8.8527098,4.6952682,0,0,1,0,5,0.250067237454558,0,0,3,1,2
"1150",1150,"Tunisia",2001,616,4,1,1,1,-3,16.084909,63.779999,8.9118881,4.9246149,0,0,1,0,4,0.249814754149998,1,0,4,1,5
"1151",1151,"Tunisia",2002,616,4,1,1,1,-4,16.096041,64.160004,8.9397058,1.653782,0,0,1,0,4,0.253177319838303,1,0,4,1,4
"1152",1152,"Tunisia",2003,616,4,0,2,1,-4,16.10195,64.540001,8.997366,5.5604048,0,0,0,0,4,0.245701388064343,0,0,3,1,4
"1153",1153,"Tunisia",2004,616,4,1,2,1,-4,16.111309,64.919998,9.0574703,6.0386181,0,0,0,0,4,0.245139318726023,0,0,4,1,4
"1154",1154,"Turkmenistan",2002,701,5,0,0,0,-9,15.34805,45.540001,8.9308376,NA,0,0,1,0,3,NA,0,0,0,0,NA
"1155",1155,"Turkmenistan",2003,701,3,0,0,0,-9,15.3626,45.759998,8.9771814,NA,0,0,0,0,5,NA,0,0,0,0,3
"1156",1156,"Turkmenistan",2004,701,3,1,0,0,-9,15.37702,45.98,NA,NA,0,0,1,0,5,NA,0,0,1,0,5
"1157",1157,"Uganda",1994,500,3,0,2,1,-4,16.82402,11.58,6.7153301,6.403636,0,0,1,0,5,NA,1,0,4,1,NA
"1158",1158,"Uganda",1995,500,4,0,2,1,-4,16.854891,11.7,6.753222,11.52324,0,0,1,0,4,NA,1,0,4,1,5
"1159",1159,"Uganda",1996,500,2,0,2,1,-4,16.885111,11.78,6.7569041,9.0721149,0,0,1,0,6,NA,1,0,4,1,4
"1160",1160,"Uganda",1997,500,3,0,1,2,-4,16.91485,11.86,6.8497849,5.1000018,0,0,1,0,5,NA,1,0,4,1,6
"1161",1161,"Uganda",1998,500,5,0,1,1,-4,16.944611,11.94,6.8811278,4.9052649,0,0,1,0,3,NA,1,0,3,1,5
"1162",1162,"Uganda",1999,500,3,0,1,1,-4,16.974991,12.02,6.9345231,8.0539484,0,0,1,0,5,NA,1,0,3,1,3
"1163",1163,"Uganda",2000,500,2,0,1,2,-4,17.00635,12.1,6.9639392,5.6382108,0,0,1,0,6,NA,1,0,4,1,5
"1164",1164,"Uganda",2001,500,3,0,1,1,-4,17.038811,12.2,7.0033531,4.944973,0,0,1,0,5,NA,1,0,3,1,6
"1165",1165,"Uganda",2002,500,3,1,1,0,-4,17.07226,12.3,7.0333118,6.3356748,0,0,1,0,5,NA,1,0,3,1,5
"1166",1166,"Uganda",2003,500,2,0,1,0,-4,17.106501,12.4,7.0761342,4.721549,0,0,1,0,6,NA,1,0,2,1,5
"1167",1167,"Uganda",2004,500,2,0,2,0,-4,17.141279,12.5,NA,5.4898262,0,0,1,0,6,NA,1,0,3,1,6
"1172",1172,"United Arab Emirates",1994,696,8,0,0,0,-8,14.61167,78.540001,9.830636,7.335506,0,0,0,0,0,0.101194399267903,1,0,1,0,NA
"1173",1173,"United Arab Emirates",1995,696,7,0,0,0,-8,14.69555,78.400002,9.9305601,7.9456229,0,0,0,0,1,0.108732037446867,0,0,0,0,0
"1174",1174,"United Arab Emirates",1996,696,7,0,0,0,-8,14.72779,78.199997,10.00443,6.1682281,0,0,0,0,1,0.107763797595613,1,0,1,0,1
"1175",1175,"United Arab Emirates",1997,696,4,0,0,0,-8,14.79082,78,10.08243,6.6573958,0,0,0,0,4,0.104931077873424,0,0,0,0,1
"1176",1176,"United Arab Emirates",1998,696,6,0,0,0,-8,14.8572,77.800003,9.9906693,4.2687588,0,0,0,0,2,0.13328312414901,1,0,1,0,4
"1177",1177,"United Arab Emirates",1999,696,8,0,0,0,-8,14.92506,77.599998,10.10862,3.8805649,0,0,0,0,0,0.118775897818422,1,0,1,0,2
"1178",1178,"United Arab Emirates",2000,696,7,0,0,0,-8,14.99324,77.400002,10.37915,4.9839158,0,0,0,0,1,0.0746797921105808,0,0,0,0,0
"1179",1179,"United Arab Emirates",2001,696,5,0,0,0,-8,15.06484,77.260002,10.36656,7.9682751,0,1,0,1,3,0.0680816632051701,1,0,1,0,1
"1180",1180,"United Arab Emirates",2002,696,6,0,0,0,-8,15.13833,77.120003,10.39207,2.5999999,1,0,0,0,2,0.0600049590875279,1,0,1,0,3
"1181",1181,"United Arab Emirates",2003,696,8,0,0,0,-8,15.212,76.980003,10.4152,11.9,0,0,0,0,0,0.0543947164423578,0,0,0,0,2
"1182",1182,"United Arab Emirates",2004,696,6,1,0,0,-8,15.27877,76.839996,NA,9.6999998,0,0,0,0,2,0.0541219595310241,0,1,1,0,0
"1194",1194,"Uzbekistan",2004,704,1,0,0,0,-9,17.06838,36.82,NA,7.6999998,0,0,0,0,7,NA,0,0,0,0,NA
"1206",1206,"Yemen",2001,679,2,1,1,1,-2,16.73361,25.780001,7.0334129,4.5999999,0,0,0,0,6,NA,1,0,4,1,NA
"1207",1207,"Yemen",2002,679,5,0,1,0,-2,16.7649,26.16,7.057548,3.9000001,0,0,0,0,3,NA,0,0,1,1,6
"1208",1208,"Yemen",2003,679,2,1,1,0,-2,16.796249,26.540001,7.0777979,3.0999999,0,0,0,0,6,NA,0,0,2,1,3
"1209",1209,"Yemen",2004,679,2,1,1,0,-2,16.827579,26.92,NA,3.9728999,0,0,0,0,6,NA,0,0,2,1,6
"1234",1234,"Zambia",1996,551,3,1,1,1,1,16.09737,36.639999,6.7690821,6.9456568,0,0,2,0,5,NA,1,0,4,1,NA
"1235",1235,"Zambia",1997,551,3,1,1,1,1,16.121099,36.18,6.8004928,3.2988269,0,0,1,0,5,NA,1,0,4,1,5
"1236",1236,"Zambia",1998,551,4,0,1,1,1,16.14397,35.720001,6.7205009,-1.858705,0,1,1,1,4,NA,1,0,3,1,5
"1237",1237,"Zambia",1999,551,5,1,1,1,1,16.165649,35.259998,6.6787891,2.2243879,1,0,1,0,3,NA,1,0,4,1,4
"1238",1238,"Zambia",2000,551,5,1,1,1,1,16.185949,34.799999,6.7634802,3.576905,0,0,1,0,3,NA,1,0,4,1,3
"1239",1239,"Zambia",2001,551,5,1,1,1,5,16.20487,34.84,6.796999,4.8939581,0,0,1,0,3,NA,1,1,4,1,3
"1240",1240,"Zambia",2002,551,5,2,1,1,5,16.22262,34.880001,6.8967948,3.3037059,0,0,2,0,3,NA,1,0,5,1,3
"1241",1241,"Zambia",2003,551,5,1,1,1,5,16.239531,34.919998,6.9706922,5.1183548,0,0,2,0,3,NA,1,0,4,1,3
"1242",1242,"Zambia",2004,551,4,1,1,1,5,16.25602,34.959999,NA,5.4101529,0,1,2,1,4,NA,1,0,4,1,3
"1243",1243,"Zimbabwe",1994,552,6,1,2,1,-6,16.26725,31.16,7.953321,9.2351952,0,0,2,0,2,NA,1,0,5,0,NA
"1244",1244,"Zimbabwe",1995,552,4,1,2,1,-6,16.285271,31.700001,7.8747392,0.1580264,0,0,2,0,4,NA,1,0,5,0,2
"1245",1245,"Zimbabwe",1996,552,4,2,2,1,-6,16.301411,32.119999,7.9609432,10.3607,0,1,2,1,4,NA,0,0,5,0,4
"1246",1246,"Zimbabwe",1997,552,6,1,2,0,-6,16.31572,32.540001,7.9820838,2.680593,1,1,2,1,2,NA,1,0,4,0,4
"1247",1247,"Zimbabwe",1998,552,5,1,2,1,-6,16.32831,32.959999,7.990056,2.885211,1,2,2,1,3,NA,0,0,4,0,2
"1248",1248,"Zimbabwe",1999,552,6,0,1,1,-6,16.339291,33.380001,8.042552,-3.599999,2,1,1,1,2,NA,0,1,2,0,3
"1249",1249,"Zimbabwe",2000,552,4,0,0,1,-5,16.34882,33.799999,8.088233,-7.9000001,1,1,1,1,4,NA,1,1,2,1,2
"1250",1250,"Zimbabwe",2001,552,3,0,0,1,-6,16.356939,34.220001,8.0241756,-2.7,1,0,1,0,5,NA,0,1,1,0,4
"1251",1251,"Zimbabwe",2002,552,2,1,0,0,-7,16.363831,34.639999,7.8998899,-4.4000001,0,1,1,1,6,NA,0,1,1,0,5
"1252",1252,"Zimbabwe",2003,552,2,0,0,0,-7,16.369881,35.060001,7.8411298,-10.4,1,1,1,1,6,NA,0,1,0,0,6
"1253",1253,"Zimbabwe",2004,552,2,1,0,0,-7,16.375549,35.48,NA,-3.8,1,0,1,0,6,NA,0,0,1,0,6
